ENLIGHTEN Version,2.2.7
Measurement ID,,,20221123-154255-019000-WP-01113,20221123-154335-140732-WP-01113,20221123-154406-886962-WP-01113,20221123-154440-749966-WP-01113,20221123-154515-662271-WP-01113,20221123-154556-234314-WP-01113,20221123-154642-334996-WP-01113,20221123-154737-617711-WP-01113,20221123-154821-213552-WP-01113,20221123-154903-801204-WP-01113,20221123-154949-222131-WP-01113
Serial Number,,,WP-01113,WP-01113,WP-01113,WP-01113,WP-01113,WP-01113,WP-01113,WP-01113,WP-01113,WP-01113,WP-01113
Model,,,WPX-532-R-SR-IC,WPX-532-R-SR-IC,WPX-532-R-SR-IC,WPX-532-R-SR-IC,WPX-532-R-SR-IC,WPX-532-R-SR-IC,WPX-532-R-SR-IC,WPX-532-R-SR-IC,WPX-532-R-SR-IC,WPX-532-R-SR-IC,WPX-532-R-SR-IC
Label,,,Si 20 mW rm temp 20x obj vacuum,Si 30 mW rm temp 20x obj vacuum,Si 40 mW rm temp 20x obj vacuum,Si 50 mW rm temp 20x obj vacuum,Si 60 mW rm temp 20x obj vacuum,Si 70 mW rm temp 20x obj vacuum,Si 80 mW rm temp 20x obj vacuum,Si 90 mW rm temp 20x obj vacuum,Si 100 mW rm temp 20x obj vacuum,Si 110 mW rm temp 20x obj vacuum,Si 120 mW rm temp 20x obj vacuum
Declared Match,,,,,,,,,,,,,
Declared Score,,,0,0,0,0,0,0,0,0,0,0,0
Scan Averaging,,,1,1,1,1,1,1,1,1,1,1,1
Boxcar,,,1,1,1,1,1,1,1,1,1,1,1
Technique,,,Raman,Raman,Raman,Raman,Raman,Raman,Raman,Raman,Raman,Raman,Raman
Baseline Correction Algo,,,,,,,,,,,,,
ROI Pixel Start,,,133,133,133,133,133,133,133,133,133,133,133
ROI Pixel End,,,1023,1023,1023,1023,1023,1023,1023,1023,1023,1023,1023
Slit Width,,,15,15,15,15,15,15,15,15,15,15,15
Vignetted,,,False,False,False,False,False,False,False,False,False,False,False
Interpolated,,,False,False,False,False,False,False,False,False,False,False,False
Raman Intensity Corrected,,,False,False,False,False,False,False,False,False,False,False,False
Deconvolved,,,False,False,False,False,False,False,False,False,False,False,False
Integration Time,,,5000,5000,5000,5000,5000,5000,5000,5000,5000,5000,5000
Timestamp,,,2022-11-23 15:42:55.019000,2022-11-23 15:43:35.140732,2022-11-23 15:44:06.886962,2022-11-23 15:44:40.749966,2022-11-23 15:45:15.662271,2022-11-23 15:45:56.234314,2022-11-23 15:46:42.334996,2022-11-23 15:47:37.617711,2022-11-23 15:48:21.213552,2022-11-23 15:49:03.801204,2022-11-23 15:49:49.222131
Note,,,,,,,,,,,,,
Temperature,,,10.02788583696173,10.02788583696173,10.010850297268917,10.044919776654524,10.010850297268917,10.010850297268917,10.02788583696173,10.02788583696173,10.010850297268917,10.044919776654524,10.044919776654524
CCD C0,,,519.4437255859375,519.4437255859375,519.4437255859375,519.4437255859375,519.4437255859375,519.4437255859375,519.4437255859375,519.4437255859375,519.4437255859375,519.4437255859375,519.4437255859375
CCD C1,,,0.12553873658180237,0.12553873658180237,0.12553873658180237,0.12553873658180237,0.12553873658180237,0.12553873658180237,0.12553873658180237,0.12553873658180237,0.12553873658180237,0.12553873658180237,0.12553873658180237
CCD C2,,,-1.3708102414966561e-05,-1.3708102414966561e-05,-1.3708102414966561e-05,-1.3708102414966561e-05,-1.3708102414966561e-05,-1.3708102414966561e-05,-1.3708102414966561e-05,-1.3708102414966561e-05,-1.3708102414966561e-05,-1.3708102414966561e-05,-1.3708102414966561e-05
CCD C3,,,-2.639699792084116e-09,-2.639699792084116e-09,-2.639699792084116e-09,-2.639699792084116e-09,-2.639699792084116e-09,-2.639699792084116e-09,-2.639699792084116e-09,-2.639699792084116e-09,-2.639699792084116e-09,-2.639699792084116e-09,-2.639699792084116e-09
CCD Offset,,,0,0,0,0,0,0,0,0,0,0,0
CCD Gain,,,1.9,1.9,1.9,1.9,1.9,1.9,1.9,1.9,1.9,1.9,1.9
Laser Wavelength,,,532.0,532.0,532.0,532.0,532.0,532.0,532.0,532.0,532.0,532.0,532.0
Laser Enable,,,False,False,False,False,False,False,False,False,False,False,False
Laser Power,,,100,100,100,100,100,100,100,100,100,100,100
Laser Temperature,,,0,0,0,0,0,0,0,0,0,0,0
Pixel Count,,,1024,1024,1024,1024,1024,1024,1024,1024,1024,1024,1024

WP-01113,,,Si 20 mW rm temp 20x obj vacuum,Si 30 mW rm temp 20x obj vacuum,Si 40 mW rm temp 20x obj vacuum,Si 50 mW rm temp 20x obj vacuum,Si 60 mW rm temp 20x obj vacuum,Si 70 mW rm temp 20x obj vacuum,Si 80 mW rm temp 20x obj vacuum,Si 90 mW rm temp 20x obj vacuum,Si 100 mW rm temp 20x obj vacuum,Si 110 mW rm temp 20x obj vacuum,Si 120 mW rm temp 20x obj vacuum
Pixel,Wavelength,Wavenumber,Processed,Processed,Processed,Processed,Processed,Processed,Processed,Processed,Processed,Processed,Processed
0,519.44,-454.37,3.00,-4.00,11.00,0.00,0.00,0.00,30.00,11.00,7.00,34.00,11.00
1,519.57,-449.72,2.00,-4.00,6.00,-9.00,-2.33,2.33,2.33,5.00,2.00,16.33,10.00
2,519.69,-445.07,-18.00,-5.00,-10.33,-16.33,-13.67,-6.33,-8.67,-1.00,-4.00,1.33,10.33
3,519.82,-440.43,-3.33,4.00,-7.67,5.33,-1.00,0.00,10.33,9.00,3.67,7.67,23.00
4,519.95,-435.79,-8.33,-1.00,-15.33,0.33,6.67,6.67,9.33,7.67,4.00,11.67,16.67
5,520.07,-431.15,2.00,-1.00,-12.67,0.00,14.33,14.00,5.33,21.33,4.00,15.33,7.67
6,520.20,-426.51,-3.00,-2.00,-14.33,-13.67,4.33,2.67,1.67,20.33,-4.67,15.33,1.67
7,520.32,-421.88,4.67,5.67,-5.33,-2.33,6.67,7.67,13.00,28.00,6.67,15.33,13.00
8,520.45,-417.25,21.00,8.00,7.33,1.67,18.00,11.67,16.67,21.67,11.67,24.33,21.67
9,520.57,-412.63,15.33,1.67,6.67,4.00,19.33,19.33,14.00,15.33,6.67,22.00,19.00
10,520.70,-408.01,0.00,-10.00,5.33,-2.67,6.67,1.33,3.67,1.33,9.00,20.33,10.00
11,520.82,-403.39,-11.33,-15.00,-7.33,-2.67,-3.33,-8.67,4.00,-3.67,7.67,11.33,-11.33
12,520.95,-398.77,-8.67,-3.67,-1.00,1.33,-1.00,-17.33,3.00,1.33,17.67,20.00,-12.67
13,521.07,-394.16,-3.33,-1.00,-4.67,0.33,2.67,-9.67,-2.00,15.33,5.00,12.67,-6.33
14,521.20,-389.55,15.33,14.00,20.33,15.33,22.67,15.33,15.33,39.33,12.33,25.33,25.00
15,521.32,-384.95,1.33,-6.33,2.33,8.67,-0.33,1.00,7.33,25.33,1.00,-1.33,12.33
16,521.45,-380.34,2.67,0.00,7.33,6.33,-4.67,6.33,16.33,25.33,7.33,1.33,13.67
17,521.57,-375.75,-22.33,-24.00,-12.00,-15.00,-31.33,-15.67,-7.67,-2.33,-2.67,-10.00,0.00
18,521.70,-371.15,-12.33,-11.67,-12.00,-17.33,-14.33,-1.67,-10.00,1.33,-4.00,4.00,-1.33
19,521.82,-366.56,-5.00,-11.67,-3.33,-17.67,-2.33,-8.33,0.00,-1.33,-1.33,9.00,5.00
20,521.95,-361.97,17.67,15.00,18.67,-2.67,18.00,-2.67,23.33,16.33,25.33,25.33,17.67
21,522.07,-357.38,24.00,20.33,39.00,7.33,25.00,8.67,32.00,20.33,41.67,29.00,34.00
22,522.20,-352.80,24.00,30.33,24.00,22.67,27.67,25.33,23.00,26.67,40.33,30.00,44.00
23,522.32,-348.22,17.67,21.67,10.33,25.33,11.33,38.00,10.00,24.00,27.67,23.67,37.67
24,522.45,-343.64,8.67,6.33,-8.67,2.67,-1.00,26.67,1.33,15.00,22.67,16.33,25.33
25,522.57,-339.07,4.67,2.67,3.67,-7.67,0.00,21.33,4.00,3.67,21.33,12.67,9.00
26,522.70,-334.50,-3.00,-0.33,2.00,1.00,7.33,8.00,5.00,-11.67,10.00,11.33,14.00
27,522.82,-329.93,-1.67,12.33,12.00,23.67,13.33,6.67,20.00,7.33,15.00,25.00,20.00
28,522.95,-325.37,0.00,-0.33,2.33,22.00,1.00,3.00,20.00,19.00,12.67,29.00,25.00
29,523.07,-320.81,0.00,-1.33,-3.67,4.33,-8.67,5.00,31.67,21.67,20.33,21.67,10.00
30,523.20,-316.25,19.00,11.33,1.00,5.67,3.00,13.33,43.33,26.67,29.33,25.67,12.67
31,523.32,-311.70,6.00,16.67,3.00,4.67,9.00,0.67,36.67,21.33,32.67,24.00,2.33
32,523.45,-307.14,6.00,16.67,5.33,4.67,8.67,-9.00,16.33,26.33,31.33,17.67,15.00
33,523.57,-302.60,-15.00,6.00,-1.00,0.33,-3.33,-14.00,-3.33,19.33,14.33,12.00,22.00
34,523.70,-298.05,-9.67,3.33,0.67,0.67,-5.67,0.00,2.00,18.00,12.00,7.33,28.67
35,523.82,-293.51,-8.33,9.67,12.00,10.67,8.33,16.33,9.33,23.00,4.33,19.67,31.00
36,523.95,-288.97,-3.67,5.00,10.00,16.33,15.00,14.33,21.33,17.33,2.33,17.67,25.33
37,524.07,-284.44,9.33,9.33,10.67,12.00,22.00,17.33,13.00,16.67,3.00,19.33,22.00
38,524.19,-279.90,6.67,0.00,-5.67,17.33,20.67,17.00,19.67,13.00,8.00,17.00,23.33
39,524.32,-275.38,1.67,-2.33,2.67,12.33,18.33,22.00,9.33,9.33,20.67,24.67,10.67
40,524.44,-270.85,-5.00,-13.33,2.00,30.67,26.33,15.00,29.00,12.67,39.00,35.33,21.33
41,524.57,-266.33,-8.67,-21.67,3.33,4.00,11.33,3.33,22.67,9.00,36.67,36.67,17.67
42,524.69,-261.81,-6.00,-16.33,-13.67,4.00,2.67,-7.67,24.33,21.67,37.00,28.00,35.67
43,524.82,-257.29,-13.67,-15.00,-12.67,-11.33,-18.67,-15.33,15.33,6.33,16.67,23.00,24.33
44,524.94,-252.78,-9.67,-10.00,-2.67,-1.00,-8.67,-13.33,15.33,10.00,25.67,33.00,19.33
45,525.06,-248.27,-3.33,-12.67,16.33,-2.33,2.67,3.00,21.67,3.67,23.00,48.00,20.33
46,525.19,-243.76,1.67,-11.33,31.67,6.67,17.67,14.67,22.00,22.67,24.33,52.00,30.67
47,525.31,-239.26,17.33,-6.67,30.00,26.33,37.33,35.00,37.67,36.00,23.67,54.00,52.67
48,525.44,-234.76,14.67,6.67,33.67,27.67,40.00,42.67,46.33,42.33,28.67,52.67,63.00
49,525.56,-230.26,19.67,23.33,27.33,27.67,32.67,44.00,52.67,48.67,30.00,51.33,70.67
50,525.69,-225.77,12.67,21.33,22.67,13.00,18.00,27.00,38.33,41.67,29.33,39.33,56.00
51,525.81,-221.28,13.67,16.67,24.00,7.67,17.67,19.00,29.33,41.67,20.33,34.33,48.00
52,525.93,-216.79,1.00,3.67,10.00,-13.00,11.00,12.33,15.00,30.33,20.33,27.67,33.67
53,526.06,-212.30,-4.67,11.00,22.00,-11.33,7.67,14.00,20.33,31.00,32.00,38.33,36.67
54,526.18,-207.82,6.67,13.67,19.33,2.67,11.33,18.00,30.33,32.00,51.00,52.00,43.00
55,526.31,-203.34,28.33,29.00,41.00,29.33,29.33,28.33,56.00,43.33,63.67,63.67,61.00
56,526.43,-198.87,32.67,43.00,48.00,32.33,37.67,35.33,56.67,46.33,58.67,63.00,58.00
57,526.55,-194.40,28.00,41.67,48.33,37.67,34.33,39.33,41.67,49.33,50.00,48.00,54.67
58,526.68,-189.93,10.00,24.00,25.33,16.33,20.33,17.67,6.00,35.33,23.33,46.67,35.67
59,526.80,-185.46,-5.33,7.67,15.33,12.67,12.67,-1.33,3.67,22.67,10.67,35.33,29.33
60,526.93,-181.00,-17.00,-1.00,6.33,8.67,11.33,-16.67,6.33,17.33,4.33,44.33,35.33
61,527.05,-176.54,3.67,16.67,20.33,25.33,21.67,7.67,37.00,31.33,32.33,44.33,45.33
62,527.17,-172.08,12.67,21.67,21.67,21.67,23.33,23.00,47.00,38.00,38.33,38.00,49.33
63,527.30,-167.63,31.67,27.00,30.33,17.67,24.33,33.00,53.00,36.67,54.67,45.33,44.33
64,527.42,-163.18,16.33,5.33,20.33,9.67,24.00,25.33,44.00,26.67,45.67,44.00,35.33
65,527.55,-158.73,7.67,-6.00,21.33,11.00,34.00,27.67,37.67,19.00,60.67,55.33,46.67
66,527.67,-154.29,-13.67,-24.67,17.67,11.33,29.00,24.00,32.33,24.33,52.33,53.00,43.00
67,527.79,-149.85,-7.00,-14.00,34.67,17.00,28.33,28.33,44.33,37.33,65.67,66.33,61.33
68,527.92,-145.41,14.33,-0.33,39.67,37.00,29.33,40.33,45.67,54.33,72.00,75.33,71.33
69,528.04,-140.98,20.67,9.67,43.33,35.67,33.33,54.33,48.67,46.67,75.33,74.00,77.67
70,528.16,-136.54,13.67,19.33,28.67,39.00,35.33,56.00,40.33,41.00,67.00,58.00,74.67
71,528.29,-132.11,8.67,8.33,18.67,17.67,31.67,31.67,38.00,45.00,43.00,60.67,61.00
72,528.41,-127.69,2.33,19.00,16.33,34.00,30.33,29.00,39.33,60.00,50.33,67.00,63.33
73,528.53,-123.27,19.00,40.33,26.33,40.33,39.00,40.67,53.33,89.00,70.67,93.67,91.00
74,528.66,-118.85,16.67,47.67,29.00,48.00,49.33,66.33,64.67,84.33,77.00,91.00,94.67
75,528.78,-114.43,29.33,50.33,30.00,45.67,55.67,75.00,76.00,88.00,74.67,98.67,112.33
76,528.90,-110.02,10.33,31.33,21.33,45.67,52.00,54.67,65.67,66.67,53.00,83.67,96.00
77,529.03,-105.61,11.67,36.67,21.33,54.67,36.67,54.33,55.33,66.67,70.67,91.33,103.67
78,529.15,-101.20,6.67,46.67,30.33,49.67,46.67,62.33,58.00,64.33,88.33,92.67,93.67
79,529.27,-96.80,6.67,40.67,29.00,48.33,50.67,80.00,63.33,69.33,106.33,99.00,104.00
80,529.40,-92.40,7.67,35.33,30.33,53.33,61.00,80.00,67.33,74.67,101.33,100.33,105.33
81,529.52,-88.00,7.67,20.33,28.00,55.67,44.67,55.67,58.33,81.00,83.67,91.33,104.00
82,529.64,-83.60,14.00,22.67,34.33,52.00,34.33,55.67,62.00,84.67,77.00,97.33,92.33
83,529.77,-79.21,11.33,24.00,31.67,36.67,27.67,56.67,77.00,93.33,83.33,102.00,101.00
84,529.89,-74.82,11.33,31.67,34.00,41.67,44.00,58.00,79.67,85.67,84.67,109.67,111.33
85,530.01,-70.44,23.33,38.00,40.33,40.33,61.67,61.33,93.67,83.33,88.67,117.67,126.67
86,530.14,-66.06,42.67,59.00,53.00,67.00,86.00,80.33,102.67,106.33,102.67,133.00,144.33
87,530.26,-61.68,47.67,56.33,44.00,60.67,77.00,94.33,116.33,111.33,110.00,134.00,140.33
88,530.38,-57.30,40.67,59.00,36.67,68.33,65.67,87.33,105.00,116.67,116.33,132.67,129.00
89,530.51,-52.93,36.67,48.00,34.67,51.67,60.33,69.67,96.00,91.00,108.67,125.00,117.33
90,530.63,-48.56,39.00,50.33,52.67,65.67,74.33,71.33,98.67,107.67,116.33,143.00,133.67
91,530.75,-44.19,36.67,41.33,61.33,68.00,82.00,81.33,91.00,110.00,124.00,136.67,150.00
92,530.88,-39.83,34.00,37.67,65.00,72.00,74.33,87.67,89.67,112.67,119.00,133.00,147.67
93,531.00,-35.47,22.67,30.67,54.00,55.33,65.33,74.33,78.33,89.67,100.00,112.67,127.33
94,531.12,-31.11,7.67,27.00,42.67,39.33,44.00,60.67,68.33,78.33,81.00,99.00,104.67
95,531.24,-26.75,-21.33,17.00,28.33,26.67,32.67,39.00,55.67,62.00,70.67,91.33,102.33
96,531.37,-22.40,-22.67,22.67,19.00,18.00,26.33,41.67,51.67,69.67,79.67,87.33,110.00
97,531.49,-18.05,-14.00,16.33,15.33,17.67,39.00,37.67,45.33,61.00,62.00,83.33,97.33
98,531.61,-13.71,19.00,22.67,19.33,32.67,30.33,44.33,50.67,69.67,57.00,74.67,83.33
99,531.74,-9.36,34.33,24.00,23.00,50.33,29.33,65.33,56.00,72.33,64.67,80.00,91.00
100,531.86,-5.02,50.67,52.00,50.67,82.00,57.00,110.33,111.67,130.33,133.00,145.67,160.67
101,531.98,-0.69,41.00,53.67,50.00,82.67,79.00,116.00,130.00,150.00,157.67,164.00,207.00
102,532.10,3.65,28.33,44.00,45.33,71.67,74.00,91.33,118.67,137.33,130.00,155.33,175.67
103,532.23,7.98,17.00,18.33,28.67,50.00,38.33,55.00,75.33,82.67,78.00,98.33,122.33
104,532.35,12.31,19.00,24.33,35.67,48.33,35.33,63.00,64.67,72.00,71.33,92.67,88.67
105,532.47,16.63,35.33,36.67,51.67,58.00,48.00,70.67,74.67,80.67,95.00,102.67,129.00
106,532.59,20.95,35.33,33.00,54.33,58.33,57.00,73.33,86.33,92.33,102.67,114.33,135.33
107,532.72,25.27,32.33,23.33,48.67,46.33,47.67,68.33,87.00,86.67,98.00,118.67,134.67
108,532.84,29.59,21.00,5.67,45.00,40.00,35.00,68.67,89.33,93.00,94.33,118.33,128.33
109,532.96,33.90,15.67,12.00,33.67,31.00,36.33,67.33,81.67,91.67,105.67,114.33,139.67
110,533.08,38.21,17.33,27.67,36.67,44.00,54.33,77.33,83.33,115.00,120.33,129.33,164.33
111,533.21,42.52,18.67,34.00,39.67,54.33,87.00,85.00,105.00,140.33,144.33,149.67,180.67
112,533.33,46.82,30.33,54.33,58.67,73.33,99.67,112.00,130.33,163.33,157.00,177.67,188.67
113,533.45,51.12,41.33,50.00,72.00,70.33,108.67,113.00,147.67,164.67,175.33,181.67,193.33
114,533.57,55.42,49.00,71.00,75.33,84.33,107.67,131.67,160.33,168.67,181.67,185.67,203.67
115,533.70,59.71,49.00,62.00,73.00,89.33,114.00,124.00,164.33,171.00,185.67,173.00,209.67
116,533.82,64.00,43.00,71.33,72.33,109.00,111.33,121.67,163.33,171.00,177.33,180.00,221.33
117,533.94,68.29,44.33,54.33,75.00,96.33,105.00,100.00,139.33,162.00,164.67,167.33,208.67
118,534.06,72.58,40.67,45.67,71.00,93.67,93.67,92.33,131.67,154.33,157.00,168.33,206.33
119,534.18,76.86,39.67,34.33,73.33,79.67,85.00,97.67,125.33,149.33,157.00,169.33,181.33
120,534.31,81.14,32.00,39.00,76.33,77.00,74.67,110.33,126.67,144.33,152.00,175.67,178.67
121,534.43,85.42,34.33,45.33,77.67,68.33,73.33,115.33,120.33,137.00,144.33,187.33,177.33
122,534.55,89.69,25.33,40.67,78.00,68.33,92.33,118.00,120.67,143.33,142.00,180.00,185.00
123,534.67,93.96,26.33,42.00,69.67,67.00,102.67,118.00,125.67,138.33,157.00,185.00,176.33
124,534.79,98.23,30.33,31.67,68.33,73.33,110.33,109.00,121.67,134.33,159.67,173.67,167.33
125,534.92,102.49,25.33,24.67,58.00,67.00,100.33,101.33,119.00,123.00,164.67,165.00,173.67
126,535.04,106.76,28.00,29.67,56.67,77.00,106.33,112.00,121.33,125.33,176.00,159.67,191.00
127,535.16,111.01,8.33,30.33,56.00,63.00,99.33,111.33,114.33,122.33,175.33,147.33,186.67
128,535.28,115.27,9.33,34.33,58.33,68.00,87.67,108.67,110.33,113.33,158.67,144.33,177.67
129,535.40,119.52,0.67,29.67,47.33,54.33,77.67,89.00,94.00,103.33,127.33,134.67,161.67
130,535.53,123.77,12.67,34.33,40.67,59.67,73.33,81.00,102.33,112.67,115.33,131.67,173.67
131,535.65,128.02,16.67,43.33,39.33,62.00,78.33,89.67,98.67,125.00,119.00,134.33,168.33
132,535.77,132.26,29.00,48.00,63.00,73.33,83.33,94.67,116.33,135.00,125.00,143.00,166.67
133,535.89,136.51,39.00,51.00,80.67,84.67,91.00,111.00,115.33,144.00,137.67,163.33,164.33
134,536.01,140.74,27.67,38.67,76.00,77.33,80.00,93.67,107.67,131.67,134.33,161.00,162.00
135,536.14,144.98,16.67,28.67,50.33,71.00,66.33,81.33,90.00,123.00,123.33,148.33,157.33
136,536.26,149.21,13.00,35.67,47.67,67.00,75.00,84.00,102.33,118.00,129.67,156.00,157.33
137,536.38,153.44,26.67,51.67,50.00,78.33,78.33,96.33,110.33,133.00,140.00,162.00,159.67
138,536.50,157.67,22.67,45.67,62.00,76.00,83.33,96.33,103.00,132.00,151.33,167.33,161.00
139,536.62,161.89,2.33,26.67,48.00,59.33,61.67,70.67,82.67,105.00,133.33,144.33,155.00
140,536.74,166.11,7.67,30.67,55.67,53.00,80.67,69.67,91.00,102.67,134.00,149.67,159.00
141,536.86,170.33,16.67,33.00,52.33,49.00,82.00,73.33,104.67,108.67,131.33,155.67,157.33
142,536.99,174.54,29.33,45.67,58.67,62.00,92.33,87.33,110.00,117.67,144.00,163.33,146.67
143,537.11,178.75,22.67,34.00,47.00,62.00,73.33,80.67,107.33,115.67,130.00,151.67,132.67
144,537.23,182.96,22.67,50.33,54.33,72.33,72.00,92.00,113.67,107.00,134.00,153.00,150.67
145,537.35,187.17,20.33,48.00,43.00,70.00,54.33,83.33,97.33,121.00,120.33,145.33,158.33
146,537.47,191.37,33.33,43.00,57.00,76.33,57.00,100.00,88.67,126.67,129.33,153.00,179.67
147,537.59,195.57,28.67,27.00,53.67,65.33,58.67,94.33,74.00,131.00,121.00,144.67,162.33
148,537.71,199.77,43.67,45.67,81.33,77.67,83.33,100.67,101.67,142.33,143.67,151.00,171.00
149,537.84,203.96,27.00,44.67,70.00,71.33,77.00,90.33,103.00,133.33,135.00,134.67,151.00
150,537.96,208.15,34.00,38.00,68.00,77.00,78.00,97.33,116.33,127.67,131.67,129.00,149.33
151,538.08,212.34,19.00,25.67,55.67,67.00,68.67,97.33,105.00,107.67,112.67,128.00,138.33
152,538.20,216.53,20.33,32.00,58.33,68.33,75.00,92.33,112.67,96.33,122.00,139.33,156.00
153,538.32,220.71,16.67,46.00,63.33,73.67,77.33,83.33,104.00,100.00,132.33,148.33,180.00
154,538.44,224.89,19.00,48.33,68.33,73.67,92.33,104.67,115.33,116.33,137.33,159.33,191.00
155,538.56,229.06,34.33,51.00,79.67,84.00,105.00,116.33,124.33,139.33,157.00,178.33,201.33
156,538.68,233.24,41.67,50.00,78.33,78.67,101.33,124.00,133.00,152.00,151.67,185.67,198.67
157,538.81,237.41,55.33,48.67,73.00,89.67,89.67,120.33,136.67,155.67,163.00,190.67,210.00
158,538.93,241.58,31.00,33.00,62.67,74.00,74.33,108.67,121.33,140.33,145.33,165.33,194.67
159,539.05,245.74,24.67,26.00,54.00,77.67,78.00,103.67,129.00,136.33,153.00,168.00,189.67
160,539.17,249.90,15.00,26.00,50.00,74.33,88.33,97.33,121.67,125.00,147.00,169.67,186.00
161,539.29,254.06,31.67,46.67,63.67,84.00,103.67,101.33,129.33,145.33,157.33,195.00,196.00
162,539.41,258.22,32.00,50.67,67.67,90.67,102.67,114.00,120.67,150.67,157.33,195.00,210.00
163,539.53,262.37,23.33,43.67,66.00,88.33,90.67,105.67,111.00,155.00,145.00,184.00,200.33
164,539.65,266.52,29.67,51.00,60.33,101.67,95.67,128.33,122.33,151.00,143.33,185.33,203.00
165,539.77,270.67,22.00,51.33,62.67,95.33,94.33,118.33,122.33,147.33,142.33,190.67,194.33
166,539.89,274.82,28.00,44.67,64.67,88.67,97.67,119.00,125.67,139.33,158.33,192.67,201.67
167,540.01,278.96,12.67,20.67,50.33,68.33,83.67,88.00,114.00,130.33,152.00,177.33,191.33
168,540.13,283.10,19.00,28.00,56.67,70.67,97.33,94.00,126.33,131.33,162.00,181.00,195.00
169,540.26,287.23,26.33,42.33,66.67,90.67,109.67,114.33,137.33,147.67,171.33,191.00,197.33
170,540.38,291.37,42.67,60.00,81.33,106.00,121.00,140.33,150.00,164.33,185.33,220.00,224.00
171,540.50,295.50,49.00,70.00,82.67,112.33,119.67,144.33,160.33,177.00,204.33,222.33,232.67
172,540.62,299.62,52.00,79.67,83.00,117.67,125.00,148.33,183.33,177.00,214.00,232.67,244.33
173,540.74,303.75,42.00,73.33,72.33,107.33,129.00,143.67,191.00,170.67,204.00,229.00,221.67
174,540.86,307.87,30.67,57.00,62.00,98.67,120.33,132.33,165.67,165.67,186.33,216.33,210.33
175,540.98,311.99,25.33,49.33,67.00,84.67,110.33,123.33,157.00,167.00,178.67,215.00,199.00
176,541.10,316.10,19.00,53.00,65.67,83.33,101.33,121.33,141.67,167.00,182.33,196.00,206.33
177,541.22,320.22,36.67,59.33,76.00,92.33,120.33,138.00,160.67,154.67,193.67,200.00,210.33
178,541.34,324.33,38.00,58.00,76.00,102.67,121.33,130.33,145.33,147.00,191.00,183.67,217.67
179,541.46,328.43,43.33,58.33,76.33,104.33,126.67,130.67,148.33,149.67,187.33,186.33,223.00
180,541.58,332.54,44.33,66.00,81.33,105.33,116.33,125.33,133.00,159.33,181.00,191.33,233.00
181,541.70,336.64,46.00,69.00,71.67,79.00,108.00,124.67,129.67,165.00,183.00,203.00,223.33
182,541.82,340.74,52.00,67.67,63.67,77.33,101.33,124.33,116.00,156.00,177.67,201.67,210.33
183,541.94,344.84,37.00,63.67,48.33,71.00,96.33,124.33,119.67,143.33,162.33,186.33,196.33
184,542.06,348.93,39.33,67.00,49.33,84.67,94.67,132.67,124.33,137.67,164.33,177.00,206.00
185,542.18,353.02,21.67,60.67,48.33,88.67,87.33,115.33,115.00,134.00,162.00,159.33,193.67
186,542.30,357.11,35.67,60.67,61.00,87.00,90.00,123.00,119.00,152.00,173.67,172.33,188.67
187,542.42,361.19,30.33,58.00,57.00,79.33,92.33,107.67,117.67,148.33,168.33,164.67,168.33
188,542.54,365.27,42.00,57.00,58.33,70.67,100.00,119.00,123.00,142.00,171.00,178.67,183.67
189,542.66,369.35,34.33,54.67,56.67,76.00,100.00,100.00,123.00,139.33,164.33,179.67,181.00
190,542.78,373.43,28.00,48.33,56.33,88.33,100.00,105.00,119.00,146.67,163.00,186.00,186.00
191,542.90,377.50,35.33,50.33,70.00,97.00,104.67,106.00,140.00,156.67,164.00,187.00,184.33
192,543.02,381.57,29.00,50.33,68.00,94.67,112.33,109.67,135.00,154.33,163.00,181.00,194.67
193,543.14,385.64,36.67,40.33,62.00,81.00,106.33,103.67,125.33,138.33,154.67,171.00,197.33
194,543.26,389.70,26.67,45.67,60.67,74.67,95.33,109.00,113.00,143.33,151.00,172.33,190.00
195,543.38,393.77,40.67,47.00,52.00,68.33,81.33,113.00,110.67,135.67,157.33,168.33,182.33
196,543.50,397.82,43.00,64.67,63.33,78.33,93.67,134.33,125.67,146.67,166.00,170.67,178.67
197,543.62,401.88,50.67,68.67,68.67,79.67,102.67,121.67,130.67,144.33,172.33,174.67,186.33
198,543.74,405.93,51.67,66.00,69.67,91.00,109.00,112.67,135.33,146.67,163.33,170.67,196.33
199,543.86,409.98,48.00,53.67,72.33,86.33,108.00,110.33,129.00,143.00,154.33,177.33,204.00
200,543.98,414.03,46.67,44.67,62.33,81.33,104.00,123.00,133.00,134.33,143.00,174.67,205.33
201,544.10,418.08,43.33,34.67,67.67,70.00,97.67,128.33,119.33,129.67,147.00,180.00,190.33
202,544.22,422.12,21.67,32.00,62.33,68.33,85.00,110.33,115.33,120.67,137.00,168.33,181.33
203,544.34,426.16,18.67,27.67,60.33,66.33,75.67,99.67,102.00,122.33,147.00,151.33,170.33
204,544.46,430.20,15.67,36.33,58.67,66.33,72.33,112.00,113.33,132.00,143.00,152.33,158.67
205,544.58,434.23,46.33,50.00,58.67,79.00,91.33,135.00,123.67,151.00,162.00,169.00,165.00
206,544.70,438.26,49.33,61.67,57.67,88.33,104.33,131.67,134.33,150.33,153.00,174.67,170.67
207,544.82,442.29,54.67,60.67,51.67,88.33,105.33,115.33,128.00,136.67,151.33,170.00,182.33
208,544.94,446.31,38.00,50.00,46.67,80.67,87.33,94.67,119.00,129.00,141.00,148.33,169.33
209,545.06,450.34,38.00,55.33,54.33,82.00,85.00,97.33,122.67,129.00,151.33,142.00,164.33
210,545.18,454.36,13.67,51.33,56.67,76.67,82.67,101.00,116.33,127.67,148.00,148.00,156.67
211,545.30,458.37,17.33,54.33,51.67,73.00,92.67,92.33,115.00,115.00,148.00,158.00,160.67
212,545.42,462.39,14.67,44.00,48.00,69.33,91.33,96.00,115.00,111.00,137.67,171.67,168.00
213,545.54,466.40,31.33,51.67,50.67,83.67,93.33,92.33,122.67,119.67,144.00,161.67,178.00
214,545.66,470.41,20.33,47.00,56.00,80.00,88.00,88.67,121.67,115.00,138.00,157.00,182.00
215,545.77,474.41,11.00,40.00,42.67,71.67,84.67,83.00,107.00,112.00,131.33,147.67,174.00
216,545.89,478.42,-4.00,22.33,36.33,48.67,82.33,73.33,95.67,111.00,115.00,142.67,167.67
217,546.01,482.42,19.67,32.00,48.67,72.67,86.67,97.33,108.00,120.67,130.00,150.00,160.00
218,546.13,486.41,34.00,43.33,71.00,83.33,91.67,108.00,125.33,136.33,152.00,155.67,181.00
219,546.25,490.41,47.33,55.33,81.67,100.67,96.00,123.33,143.67,144.67,174.00,165.00,189.33
220,546.37,494.40,36.00,61.67,77.67,99.33,106.00,136.00,146.33,155.00,186.67,180.00,212.00
221,546.49,498.39,45.00,66.33,89.00,108.33,123.33,146.33,151.33,173.00,200.67,195.33,214.33
222,546.61,502.37,45.33,70.67,94.67,112.67,139.33,159.67,163.33,188.67,218.00,219.00,236.67
223,546.73,506.36,52.00,76.00,107.67,115.33,161.00,177.00,200.00,240.67,259.33,263.67,290.00
224,546.85,510.34,70.00,123.00,157.00,202.67,259.67,293.33,333.00,386.33,426.33,465.00,490.33
225,546.97,514.32,211.67,350.67,440.67,572.00,695.00,805.67,937.67,1040.67,1171.00,1276.00,1371.00
226,547.08,518.29,492.33,788.67,1017.67,1323.67,1582.00,1813.33,2083.00,2311.33,2581.33,2837.67,3020.00
227,547.20,522.26,647.67,1008.67,1311.33,1679.33,2008.33,2314.33,2642.33,2956.67,3266.00,3580.33,3809.33
228,547.32,526.23,564.00,854.33,1111.00,1414.67,1712.00,1958.67,2216.00,2495.67,2746.33,3012.00,3194.00
229,547.44,530.20,294.33,426.33,545.00,671.67,846.33,974.00,1083.33,1243.67,1354.00,1474.00,1575.67
230,547.56,534.17,107.00,163.67,190.67,225.00,326.33,345.00,392.33,436.00,497.33,531.00,596.33
231,547.68,538.13,48.33,96.00,101.00,127.00,170.00,188.67,203.00,238.00,263.67,291.33,309.67
232,547.80,542.09,27.00,67.00,67.33,95.67,114.67,136.00,150.00,171.33,188.00,210.67,221.00
233,547.92,546.04,41.00,50.00,74.00,99.33,104.33,148.67,153.67,179.00,174.00,213.33,203.00
234,548.04,549.99,41.67,33.00,69.00,82.67,101.33,133.00,153.33,162.33,157.33,176.00,195.00
235,548.15,553.95,41.67,23.00,57.33,72.33,102.33,131.67,142.00,140.67,147.00,167.00,167.00
236,548.27,557.89,16.33,19.00,40.33,57.00,95.00,120.33,130.67,126.67,129.33,145.67,152.00
237,548.39,561.84,10.00,39.00,45.33,60.33,94.67,131.67,124.00,122.33,127.67,151.67,155.67
238,548.51,565.78,17.33,52.67,65.67,74.00,89.67,127.00,130.00,148.67,134.00,149.00,166.67
239,548.63,569.72,41.33,69.33,67.00,76.67,82.00,120.67,113.67,143.67,145.33,146.33,169.33
240,548.75,573.66,49.00,59.67,61.00,74.67,85.00,96.33,107.67,139.00,143.00,146.67,167.00
241,548.87,577.59,34.00,47.00,51.00,67.33,81.33,92.00,110.33,119.00,133.00,149.33,163.33
242,548.98,581.52,22.67,43.33,56.00,73.67,70.00,97.00,109.00,114.00,135.67,154.33,160.67
243,549.10,585.45,22.67,36.67,68.33,73.33,69.67,114.00,121.67,116.33,137.00,157.00,157.00
244,549.22,589.38,34.00,48.33,74.67,91.00,74.67,116.33,114.00,107.33,143.33,154.67,157.00
245,549.34,593.30,28.33,35.00,64.00,77.67,80.33,107.00,118.33,103.00,135.00,140.33,150.00
246,549.46,597.22,25.67,50.33,66.67,89.00,93.00,94.33,117.00,99.33,146.33,144.00,158.67
247,549.58,601.14,27.00,50.00,69.00,81.33,91.67,92.33,117.00,107.00,152.33,150.00,161.33
248,549.69,605.05,36.33,62.00,82.33,85.67,93.67,96.67,119.00,125.33,158.00,172.00,174.67
249,549.81,608.96,36.33,40.33,69.67,63.00,76.00,96.33,107.33,132.67,154.00,163.00,167.00
250,549.93,612.87,31.33,43.00,71.00,70.67,81.00,101.00,115.67,150.33,156.67,170.67,182.00
251,550.05,616.78,18.67,35.33,67.67,60.67,86.00,101.00,117.00,145.33,156.67,151.67,180.67
252,550.17,620.68,29.00,53.00,74.00,83.33,107.67,120.00,133.67,154.33,151.67,162.00,188.33
253,550.28,624.59,39.33,54.33,75.33,79.67,118.00,124.00,137.00,149.33,165.67,156.00,193.67
254,550.40,628.48,53.67,54.33,61.00,91.33,113.00,129.33,156.00,154.33,159.67,171.33,190.00
255,550.52,632.38,39.67,41.67,52.00,85.00,92.67,107.33,144.67,130.33,166.00,167.33,181.00
256,550.64,636.27,33.33,24.00,42.00,76.00,72.33,106.00,134.33,130.33,146.00,167.33,172.00
257,550.76,640.16,22.00,24.00,51.00,73.33,76.33,104.67,114.00,123.00,142.00,154.67,160.67
258,550.87,644.05,32.00,40.67,61.33,76.00,91.67,113.67,117.67,139.67,147.00,151.00,164.67
259,550.99,647.94,36.67,55.67,71.33,88.67,111.67,109.67,119.00,130.67,150.67,144.33,172.33
260,551.11,651.82,58.00,68.33,82.00,112.67,129.33,122.33,133.00,136.67,163.33,157.00,202.67
261,551.23,655.70,48.00,56.67,75.33,105.00,108.67,125.33,130.33,134.00,157.00,158.00,216.33
262,551.35,659.58,40.67,51.67,65.33,85.00,97.67,123.00,133.00,133.00,167.00,168.33,200.00
263,551.46,663.45,24.00,39.00,48.00,72.33,73.33,105.33,125.33,124.33,172.00,160.67,176.00
264,551.58,667.32,39.33,53.33,56.00,80.00,85.00,112.00,135.67,130.67,176.00,170.00,168.67
265,551.70,671.19,52.67,55.33,55.33,89.33,84.33,120.33,141.33,137.67,165.33,156.67,168.00
266,551.82,675.06,68.00,62.67,75.67,93.00,100.67,136.33,138.67,143.67,158.67,165.33,185.33
267,551.94,678.92,51.33,42.00,71.67,84.00,105.67,126.33,133.33,132.00,147.00,167.67,180.00
268,552.05,682.78,49.33,52.67,84.67,93.33,111.33,129.33,137.67,135.00,152.67,191.00,183.00
269,552.17,686.64,46.67,49.00,77.67,89.67,104.00,117.00,140.33,139.00,156.67,190.00,172.67
270,552.29,690.49,55.67,67.00,79.00,92.33,96.33,120.33,140.67,145.67,160.67,173.67,170.33
271,552.41,694.35,45.67,64.67,71.67,86.33,93.67,102.67,124.33,135.67,152.00,161.00,176.67
272,552.52,698.20,36.67,69.00,76.00,86.33,94.67,106.33,114.00,126.67,149.33,163.33,188.33
273,552.64,702.04,39.33,62.67,81.00,87.67,101.33,114.00,114.00,138.00,163.33,177.33,200.00
274,552.76,705.89,36.67,56.33,73.33,82.33,97.67,116.33,119.00,135.33,165.67,161.00,187.33
275,552.88,709.73,13.00,38.00,48.00,72.00,87.67,100.00,119.00,127.67,147.00,142.00,167.33
276,552.99,713.57,5.00,31.67,32.67,60.33,74.67,89.67,113.67,113.00,126.67,127.67,150.67
277,553.11,717.41,4.00,31.67,26.33,64.33,71.00,87.33,116.33,118.33,124.33,144.33,153.33
278,553.23,721.24,34.00,44.33,56.67,69.33,79.67,89.67,117.67,128.67,135.67,159.33,159.33
279,553.34,725.07,27.67,45.33,53.33,70.67,81.00,83.33,112.67,129.33,134.33,164.33,161.67
280,553.46,728.90,35.00,41.33,62.00,69.00,85.67,83.00,106.00,126.33,131.33,167.67,166.33
281,553.58,732.73,14.33,33.00,33.67,55.67,78.67,85.00,102.67,123.00,129.33,158.33,160.67
282,553.70,736.55,23.33,40.33,42.33,67.33,89.00,101.67,116.67,134.33,146.00,156.00,177.33
283,553.81,740.37,13.33,36.67,37.33,51.33,84.00,103.33,117.00,132.00,157.67,146.00,171.33
284,553.93,744.19,7.67,36.33,53.33,52.33,85.00,104.33,117.33,135.33,166.00,144.33,175.00
285,554.05,748.01,-1.33,26.67,63.33,61.00,86.00,103.00,114.67,130.33,164.67,153.00,168.67
286,554.16,751.82,20.33,35.67,75.00,90.00,102.67,117.00,138.67,147.00,153.33,167.00,187.67
287,554.28,755.63,20.33,36.33,80.67,101.33,109.00,115.33,150.67,144.33,157.00,168.00,183.67
288,554.40,759.44,37.67,40.33,68.00,99.00,111.67,122.33,149.67,147.00,162.00,176.00,185.00
289,554.52,763.24,24.67,44.00,68.00,86.33,109.00,123.33,142.00,149.33,177.33,185.00,178.67
290,554.63,767.04,46.33,58.67,64.67,94.00,116.67,135.00,144.67,166.00,186.33,199.00,191.33
291,554.75,770.84,32.33,55.33,71.67,81.67,111.00,117.33,142.67,156.33,176.67,190.67,186.67
292,554.87,774.64,28.67,44.00,67.67,85.33,103.33,107.33,132.33,148.67,167.67,170.33,189.67
293,554.98,778.43,27.00,32.33,71.33,82.67,101.67,109.67,133.33,139.67,157.33,166.67,196.00
294,555.10,782.23,26.33,25.33,52.67,89.67,109.67,115.33,121.33,137.67,149.33,157.00,193.00
295,555.22,786.01,25.67,22.00,59.67,93.00,109.00,118.33,131.00,137.00,143.67,172.67,179.33
296,555.33,789.80,13.33,28.67,65.00,90.67,105.67,112.33,130.00,134.67,152.67,181.67,170.67
297,555.45,793.58,16.00,40.67,73.00,97.33,101.00,112.33,154.00,149.00,170.33,198.33,174.67
298,555.57,797.37,26.67,50.33,70.00,93.00,109.33,115.67,152.00,146.00,184.67,194.00,188.67
299,555.68,801.14,31.67,49.00,61.00,95.33,104.00,120.33,151.67,145.67,178.33,185.00,180.67
300,555.80,804.92,36.67,43.33,69.67,83.67,106.33,119.00,139.00,136.67,169.33,177.33,186.67
301,555.92,808.69,29.00,48.00,78.33,89.67,105.00,121.33,147.67,146.67,175.67,182.33,193.33
302,556.03,812.46,31.33,56.67,74.67,91.00,108.67,120.00,146.67,150.67,175.67,177.33,199.67
303,556.15,816.23,37.67,49.00,73.33,96.00,101.00,118.67,143.00,150.67,179.67,178.67,193.33
304,556.27,820.00,44.33,49.33,73.33,87.33,106.00,118.00,129.33,148.33,173.33,173.67,185.33
305,556.38,823.76,38.33,33.00,67.00,73.67,103.67,102.00,123.00,138.33,162.00,170.00,176.67
306,556.50,827.52,29.33,43.00,69.67,76.33,108.67,104.67,129.33,142.00,159.33,177.33,169.00
307,556.62,831.28,6.33,20.67,53.00,62.33,89.00,99.00,111.67,126.67,141.67,163.33,155.67
308,556.73,835.03,6.33,24.33,50.33,63.33,90.33,105.00,101.33,120.33,138.00,167.00,155.67
309,556.85,838.79,9.00,27.00,51.67,59.67,89.33,110.00,104.00,129.33,147.00,159.67,166.00
310,556.96,842.53,30.33,46.67,58.00,64.67,104.00,108.67,120.33,139.33,159.67,164.67,169.67
311,557.08,846.28,39.00,51.67,65.67,72.00,97.33,106.00,136.67,136.67,165.67,163.00,177.00
312,557.20,850.03,44.00,45.33,61.67,78.00,92.00,99.67,127.33,126.33,157.33,170.33,183.00
313,557.31,853.77,44.00,47.67,70.67,95.67,85.67,101.00,146.33,130.00,161.00,178.00,193.00
314,557.43,857.51,54.33,59.33,100.67,111.33,110.00,131.67,146.67,160.33,175.33,198.67,217.33
315,557.55,861.24,40.67,58.00,94.33,90.00,105.00,124.00,143.00,154.00,162.00,191.33,206.33
316,557.66,864.98,42.00,51.67,86.67,69.67,103.67,124.67,121.33,158.00,155.67,186.00,193.67
317,557.78,868.71,40.67,44.00,61.67,55.67,89.67,98.00,118.67,150.33,160.33,182.00,178.33
318,557.89,872.44,44.33,44.33,65.67,68.33,100.00,92.00,131.67,145.33,165.67,180.67,173.33
319,558.01,876.16,48.33,58.67,65.67,88.67,116.67,96.33,138.33,135.33,171.00,188.67,186.33
320,558.13,879.89,44.33,67.33,65.67,92.00,119.00,98.67,137.00,126.33,147.00,176.00,178.67
321,558.24,883.61,37.67,68.33,55.33,83.00,111.00,111.00,129.00,137.67,144.67,174.67,184.67
322,558.36,887.33,30.00,53.00,51.67,66.67,100.67,106.00,127.33,132.33,142.00,167.00,185.67
323,558.47,891.04,17.33,30.33,46.67,54.33,83.00,110.00,124.67,138.67,145.67,164.33,189.67
324,558.59,894.76,29.00,46.67,53.00,73.33,84.33,108.33,130.00,140.00,158.00,165.67,198.67
325,558.71,898.47,25.00,50.33,53.00,83.33,78.00,105.67,130.00,146.33,153.00,163.00,186.00
326,558.82,902.18,28.67,59.00,49.00,88.33,88.33,100.33,122.67,136.33,163.33,168.00,179.33
327,558.94,905.88,28.67,51.67,56.67,72.00,92.33,105.33,116.33,140.00,164.67,164.00,176.67
328,559.05,909.59,40.00,53.00,52.67,67.00,91.00,104.00,103.67,135.00,169.67,155.00,181.67
329,559.17,913.29,39.00,54.33,61.67,69.67,96.00,113.67,111.33,135.00,160.67,150.33,183.33
330,559.28,916.98,32.67,45.33,55.33,64.67,84.67,109.00,99.67,120.00,146.67,146.67,165.67
331,559.40,920.68,24.00,49.00,70.00,81.00,96.00,121.00,113.67,126.33,140.33,162.00,160.67
332,559.52,924.37,49.33,63.00,82.67,96.00,97.33,126.00,123.67,141.67,156.67,177.00,171.67
333,559.63,928.06,64.33,63.00,83.67,107.00,116.00,131.00,149.00,163.00,178.00,183.33,194.33
334,559.75,931.75,68.33,64.33,85.67,108.33,127.67,143.33,163.00,178.33,211.00,206.33,230.00
335,559.86,935.43,45.33,45.33,80.67,100.67,131.33,158.00,180.67,196.00,216.33,234.00,251.67
336,559.98,939.12,40.33,59.33,100.00,127.67,144.33,187.33,197.33,217.67,236.67,296.00,289.67
337,560.09,942.80,45.33,76.00,107.67,139.33,153.33,202.33,224.00,250.67,256.33,313.67,313.67
338,560.21,946.47,52.00,91.33,116.00,153.33,162.33,211.33,231.67,267.33,275.33,325.33,340.33
339,560.32,950.15,57.33,92.67,122.33,162.00,173.67,219.00,254.33,282.00,288.00,320.33,350.67
340,560.44,953.82,70.00,94.00,123.67,174.67,181.33,230.00,259.33,284.67,291.00,325.33,357.00
341,560.55,957.49,77.67,103.00,123.00,178.67,191.67,231.33,273.33,277.67,306.33,330.33,362.33
342,560.67,961.16,83.67,111.67,115.33,167.33,184.00,225.00,258.33,270.67,305.00,336.67,356.00
343,560.78,964.82,68.33,87.33,111.33,146.67,167.00,206.33,239.33,241.33,300.00,343.00,342.00
344,560.90,968.48,55.67,86.00,125.33,149.00,169.33,213.67,225.33,250.67,303.00,335.67,336.67
345,561.01,972.14,42.00,83.67,125.33,140.33,167.00,212.33,225.33,253.00,299.33,321.67,336.67
346,561.13,975.80,58.67,102.67,135.67,150.67,187.67,218.33,239.33,288.33,307.00,335.67,353.00
347,561.24,979.46,71.00,103.67,135.33,154.33,190.00,214.33,257.00,292.00,305.00,345.33,364.33
348,561.36,983.11,78.67,102.33,145.67,164.33,197.33,218.33,255.67,293.33,310.00,345.33,367.00
349,561.47,986.76,64.00,102.00,146.33,162.67,191.67,236.00,246.33,289.33,299.33,318.33,366.67
350,561.59,990.40,61.33,97.00,137.67,155.33,181.67,214.67,219.67,275.33,284.33,287.00,337.67
351,561.70,994.05,57.33,84.33,119.33,147.67,160.33,193.00,200.67,247.67,260.33,259.33,303.33
352,561.82,997.69,58.00,81.67,95.67,129.33,142.00,152.00,187.33,214.00,229.33,230.67,260.00
353,561.93,1001.33,54.33,74.00,80.33,110.00,128.00,148.00,165.67,181.00,204.33,202.67,223.00
354,562.05,1004.97,46.67,60.67,72.33,98.67,129.00,145.33,159.00,170.67,181.33,188.33,206.33
355,562.16,1008.60,20.67,36.00,67.33,89.67,107.33,141.33,126.00,147.67,166.00,173.00,190.67
356,562.28,1012.23,9.33,28.33,56.00,81.00,84.67,131.33,120.00,142.67,149.00,175.33,178.00
357,562.39,1015.86,10.67,44.00,58.00,77.00,73.33,120.00,107.67,144.00,163.00,174.33,168.00
358,562.51,1019.49,20.33,51.67,53.00,74.33,72.00,110.00,111.33,155.33,161.67,177.00,161.67
359,562.62,1023.11,23.67,50.00,60.33,76.33,80.33,103.33,110.67,145.00,165.00,168.00,171.67
360,562.74,1026.73,23.67,38.67,59.00,77.67,77.67,98.33,106.67,128.33,142.33,155.33,168.00
361,562.85,1030.35,36.67,44.33,72.33,86.00,88.33,103.33,115.00,121.33,153.00,148.33,178.00
362,562.97,1033.97,39.67,52.33,68.33,95.33,100.33,102.67,114.33,133.00,149.67,157.67,178.33
363,563.08,1037.58,49.00,64.33,60.33,94.67,98.67,108.33,101.00,133.67,144.00,163.33,173.67
364,563.20,1041.19,31.33,55.00,47.00,87.67,92.00,90.00,93.00,124.33,122.00,151.33,158.67
365,563.31,1044.80,19.33,45.67,42.00,79.00,82.67,88.00,93.67,117.67,117.67,138.00,144.33
366,563.43,1048.41,1.33,25.00,41.33,63.33,73.33,82.33,94.67,117.33,118.33,123.67,140.33
367,563.54,1052.01,19.67,36.00,49.00,60.67,70.67,104.33,100.67,125.00,124.67,135.00,153.00
368,563.65,1055.61,34.67,44.67,54.33,56.67,74.67,108.67,112.67,124.00,130.33,135.33,157.00
369,563.77,1059.21,32.67,55.33,50.00,58.67,82.67,106.67,118.33,115.67,124.67,128.00,156.00
370,563.88,1062.81,32.67,42.67,43.67,60.00,77.67,99.00,113.33,110.33,128.33,129.33,133.00
371,564.00,1066.40,24.00,43.00,44.67,64.67,67.33,96.00,94.00,114.00,124.67,135.33,134.00
372,564.11,1069.99,41.00,57.67,51.67,71.67,69.33,99.33,106.00,135.00,138.00,146.33,146.33
373,564.23,1073.58,38.33,68.00,55.33,68.00,71.67,102.00,108.67,144.67,131.67,137.33,166.67
374,564.34,1077.17,37.67,48.33,43.33,62.33,68.33,92.00,100.33,130.00,116.67,135.33,163.33
375,564.45,1080.75,39.00,38.00,52.00,66.00,68.33,90.33,104.00,118.33,116.33,137.67,156.67
376,564.57,1084.33,33.00,23.00,47.00,71.00,71.00,81.67,97.67,109.00,112.67,129.00,146.67
377,564.68,1087.91,35.67,30.67,52.67,69.67,77.33,88.67,105.33,115.33,122.67,120.33,134.33
378,564.80,1091.49,40.67,37.00,47.67,68.33,78.33,89.00,101.33,117.33,125.33,121.67,135.67
379,564.91,1095.06,37.00,52.00,52.67,71.00,78.33,90.33,105.00,125.67,129.33,136.67,126.67
380,565.02,1098.63,24.00,50.33,55.67,63.33,74.33,72.33,99.67,112.67,120.33,137.67,120.00
381,565.14,1102.20,4.00,34.00,53.33,57.33,69.67,68.67,93.67,101.00,104.00,125.33,117.67
382,565.25,1105.77,8.67,32.67,47.00,47.00,62.00,67.00,84.67,81.00,98.67,116.33,111.33
383,565.37,1109.33,25.67,29.33,50.33,62.33,68.67,91.33,96.33,94.00,106.33,124.33,120.33
384,565.48,1112.89,24.33,46.00,51.33,67.33,78.67,85.00,91.33,109.00,109.00,130.67,117.67
385,565.59,1116.45,19.67,45.00,50.33,60.00,79.00,85.33,93.00,108.00,97.67,132.33,110.33
386,565.71,1120.01,21.67,61.00,49.33,56.00,80.00,78.67,86.33,112.67,95.00,134.67,117.67
387,565.82,1123.56,31.67,57.00,48.33,58.33,71.33,82.33,86.33,105.00,95.00,139.67,107.67
388,565.93,1127.12,35.33,50.33,54.33,68.33,70.00,81.00,87.33,105.00,102.67,134.33,122.67
389,566.05,1130.66,43.00,46.67,57.00,61.33,81.33,81.00,91.33,106.33,111.67,133.00,119.00
390,566.16,1134.21,39.00,34.00,53.00,53.67,78.33,82.00,87.33,97.33,107.67,115.00,118.67
391,566.28,1137.76,41.33,41.67,55.67,52.33,89.67,85.67,82.33,102.33,111.33,116.33,116.00
392,566.39,1141.30,22.33,40.33,45.67,56.67,68.00,83.00,74.67,94.67,101.00,103.67,121.00
393,566.50,1144.84,26.33,44.00,51.33,60.33,70.67,84.33,82.33,96.00,104.67,108.67,122.33
394,566.62,1148.37,35.00,42.67,44.67,63.33,65.33,85.33,91.00,98.33,107.00,109.67,143.67
395,566.73,1151.91,42.67,32.67,44.33,61.00,60.33,76.67,92.00,94.67,97.00,113.33,133.67
396,566.84,1155.44,45.00,36.67,42.33,53.67,69.33,71.67,79.33,96.00,99.67,126.00,133.67
397,566.96,1158.97,40.00,38.00,50.00,50.67,67.00,68.00,77.00,94.67,93.67,125.00,107.33
398,567.07,1162.49,31.00,46.67,50.33,49.33,71.00,70.33,73.33,84.00,97.33,116.33,97.00
399,567.18,1166.02,34.00,49.33,59.33,59.67,68.67,71.33,82.33,84.00,93.67,105.33,102.33
400,567.30,1169.54,30.33,47.33,52.00,57.00,69.67,57.67,71.00,81.67,89.67,96.33,101.00
401,567.41,1173.06,48.33,47.67,57.00,57.00,67.00,65.67,77.33,96.33,91.00,96.33,107.67
402,567.52,1176.58,45.67,45.00,54.67,53.00,51.67,65.00,87.33,90.00,88.33,95.00,106.33
403,567.64,1180.09,35.67,39.33,50.00,51.67,49.33,78.33,91.00,92.33,89.00,90.00,114.00
404,567.75,1183.60,8.00,28.00,35.00,40.33,52.00,69.33,81.00,79.67,89.33,90.00,106.33
405,567.86,1187.11,2.67,29.00,34.67,39.00,60.67,72.67,67.00,80.67,88.00,98.67,96.00
406,567.98,1190.62,0.00,17.67,35.33,39.00,51.67,64.33,58.00,68.67,72.33,108.67,84.67
407,568.09,1194.13,18.67,27.67,51.00,59.33,56.67,73.00,66.67,81.00,78.33,126.33,98.33
408,568.20,1197.63,17.67,19.00,33.33,53.00,59.33,60.67,69.33,80.00,71.00,115.00,100.00
409,568.32,1201.13,19.00,28.00,38.67,48.00,72.00,62.00,73.33,83.33,81.00,111.33,98.67
410,568.43,1204.63,23.00,26.67,44.33,40.33,74.67,63.33,72.33,82.33,86.00,101.33,100.00
411,568.54,1208.12,30.00,31.67,63.33,55.67,88.67,86.00,81.33,106.33,113.67,114.00,108.67
412,568.65,1211.61,170.67,171.00,207.67,191.33,218.00,216.33,230.67,249.33,253.00,261.00,244.33
413,568.77,1215.10,161.00,172.33,192.67,189.00,214.00,214.00,226.67,248.00,239.33,254.67,243.33
414,568.88,1218.59,155.33,173.67,180.00,180.00,195.00,201.33,220.33,228.00,225.67,238.33,234.67
415,568.99,1222.08,20.00,39.33,44.67,51.00,67.33,76.00,76.33,95.33,95.33,94.00,105.67
416,569.11,1225.56,23.33,37.00,42.00,59.67,73.33,72.00,79.00,94.00,104.00,105.33,106.33
417,569.22,1229.04,5.33,28.00,24.33,39.33,54.67,48.00,68.67,81.00,86.00,95.00,101.00
418,569.33,1232.52,-1.33,27.67,13.67,32.67,49.33,39.00,57.00,69.33,88.33,97.33,95.67
419,569.44,1235.99,14.00,35.33,27.67,30.33,46.00,44.33,67.33,81.00,91.00,107.67,101.33
420,569.56,1239.47,33.00,41.67,44.00,54.33,63.33,72.33,80.00,107.67,112.67,114.00,120.33
421,569.67,1242.94,50.67,44.33,46.67,54.33,57.00,73.67,101.33,115.33,106.33,112.67,130.33
422,569.78,1246.41,38.00,45.33,43.00,58.00,47.00,64.67,88.67,119.00,106.33,87.33,122.67
423,569.89,1249.87,42.00,52.00,48.33,59.33,38.33,53.33,93.67,110.33,106.33,100.00,125.33
424,570.01,1253.33,30.67,49.33,44.67,62.00,47.00,50.67,77.33,100.00,106.33,101.33,115.00
425,570.12,1256.80,26.67,42.00,48.33,55.67,53.33,58.33,88.67,86.00,105.00,115.00,115.00
426,570.23,1260.25,19.00,39.33,52.00,57.00,67.00,64.67,92.67,87.33,96.00,105.00,115.00
427,570.34,1263.71,27.67,30.67,50.67,57.00,67.00,75.00,107.67,97.67,106.00,106.33,117.00
428,570.46,1267.16,48.00,41.33,55.67,67.33,68.33,73.67,111.33,98.00,107.33,101.33,123.33
429,570.57,1270.62,35.33,26.00,39.33,48.33,55.67,59.67,87.00,91.33,104.67,93.67,106.67
430,570.68,1274.06,34.33,32.33,39.33,49.67,61.00,63.00,79.67,94.00,101.00,87.33,110.00
431,570.79,1277.51,16.33,16.33,39.33,34.00,58.00,57.67,60.67,93.67,93.33,84.67,97.33
432,570.91,1280.96,31.33,31.33,50.33,49.00,75.67,83.33,76.00,97.33,94.67,109.67,107.33
433,571.02,1284.40,13.67,21.33,49.33,37.67,56.67,70.00,66.00,89.67,84.67,104.67,100.00
434,571.13,1287.84,24.00,31.33,48.00,56.67,58.67,84.00,87.33,99.67,102.33,104.67,120.00
435,571.24,1291.27,18.33,31.00,44.00,51.33,49.33,64.00,79.00,86.67,94.33,98.00,117.00
436,571.35,1294.71,28.33,42.33,41.33,55.00,55.67,72.67,87.67,79.00,92.00,108.33,118.00
437,571.47,1298.14,9.33,42.33,32.33,41.33,50.00,55.00,68.67,69.00,66.67,105.67,101.67
438,571.58,1301.57,9.00,43.00,36.67,31.67,55.67,53.00,74.67,71.00,69.67,96.33,98.67
439,571.69,1305.00,19.33,47.00,52.00,58.33,74.67,59.67,85.00,94.00,90.00,101.33,112.00
440,571.80,1308.42,27.00,33.33,51.00,54.67,71.00,62.33,82.67,90.33,99.00,94.00,108.33
441,571.91,1311.84,44.67,44.67,58.67,71.33,82.33,92.67,89.00,110.67,114.33,110.33,131.00
442,572.03,1315.26,48.33,55.67,48.33,63.67,84.67,88.67,82.33,104.00,110.33,114.00,119.67
443,572.14,1318.68,42.33,63.67,43.67,65.33,89.00,96.67,91.67,95.67,112.00,118.33,119.00
444,572.25,1322.10,27.00,47.67,33.33,53.67,80.00,79.00,84.33,82.67,108.00,120.67,102.67
445,572.36,1325.51,20.67,31.33,44.00,48.67,74.00,80.33,78.33,81.67,103.67,122.00,111.00
446,572.47,1328.92,22.67,30.67,46.00,51.67,71.00,76.00,76.33,91.00,96.67,125.00,106.33
447,572.58,1332.33,25.33,30.33,43.67,63.33,62.33,71.67,78.67,90.00,93.67,112.67,106.33
448,572.70,1335.74,17.67,39.33,44.33,58.00,55.67,74.00,83.33,86.00,96.67,106.00,99.67
449,572.81,1339.14,26.67,47.33,49.67,54.67,66.00,83.00,86.33,95.33,112.33,104.00,111.33
450,572.92,1342.54,30.33,49.67,66.00,53.33,70.00,101.33,90.00,108.00,113.00,105.33,122.67
451,573.03,1345.94,29.00,35.00,49.33,53.33,73.67,93.67,95.33,100.33,97.67,101.67,124.00
452,573.14,1349.34,17.67,18.33,41.33,44.33,56.33,83.33,86.67,88.67,84.67,107.67,115.00
453,573.25,1352.73,12.67,15.33,28.67,164.33,179.00,197.33,209.33,200.00,210.00,234.00,232.67
454,573.37,1356.12,24.00,36.33,41.67,181.00,173.00,203.67,220.67,211.33,227.67,237.67,242.67
455,573.48,1359.51,33.00,42.67,59.67,198.67,199.00,215.33,230.33,221.67,236.67,250.33,262.00
456,573.59,1362.90,40.67,47.67,71.33,81.33,78.67,95.00,103.67,110.33,121.33,127.67,150.67
457,573.70,1366.28,34.67,36.33,72.00,67.33,73.67,90.00,84.67,104.33,116.67,128.00,143.33
458,573.81,1369.66,33.33,32.33,60.67,56.00,59.67,83.67,82.33,95.33,107.67,109.00,130.33
459,573.92,1373.04,20.33,24.00,47.67,44.33,47.00,62.00,71.00,71.00,91.33,90.00,91.00
460,574.03,1376.42,14.00,23.33,31.67,39.33,45.67,58.33,64.67,76.00,76.00,77.33,72.00
461,574.15,1379.80,6.00,39.67,36.33,40.33,46.67,50.33,63.00,74.33,78.33,79.67,70.67
462,574.26,1383.17,21.33,50.00,37.67,48.00,56.67,63.00,77.00,96.00,83.33,96.00,94.67
463,574.37,1386.54,24.00,47.00,48.00,63.33,63.00,67.00,91.00,87.33,89.67,115.00,106.33
464,574.48,1389.91,24.33,39.67,47.00,66.00,63.33,69.67,93.67,101.67,95.00,117.67,107.67
465,574.59,1393.27,20.67,32.00,44.33,73.33,59.67,76.00,93.67,96.67,95.00,124.00,115.33
466,574.70,1396.64,26.67,39.33,50.33,71.67,69.67,87.00,101.00,112.67,103.67,121.33,122.67
467,574.81,1400.00,23.33,27.33,47.00,77.33,67.67,85.33,98.00,98.00,103.00,118.00,122.00
468,574.92,1403.36,10.33,32.33,52.00,58.33,70.00,70.00,85.00,90.33,101.67,100.33,118.00
469,575.03,1406.71,1.33,19.67,54.67,53.33,56.00,66.33,81.33,79.00,100.33,100.33,121.67
470,575.14,1410.07,22.33,40.67,53.00,53.00,62.00,65.67,91.00,101.33,105.00,114.00,125.00
471,575.26,1413.42,31.67,38.33,49.33,61.00,64.67,78.67,96.33,123.00,109.00,123.00,122.67
472,575.37,1416.77,32.00,27.00,34.33,39.67,57.33,66.00,72.33,119.33,95.33,102.67,111.33
473,575.48,1420.11,28.00,18.00,47.00,39.33,59.67,73.67,68.33,109.00,96.33,102.33,117.67
474,575.59,1423.46,34.00,22.67,56.00,45.33,62.33,73.33,70.67,87.33,92.33,117.33,120.33
475,575.70,1426.80,54.33,44.33,61.00,76.00,86.33,86.00,93.67,92.67,106.33,131.67,138.33
476,575.81,1430.14,54.33,50.67,62.00,76.00,79.67,91.00,89.67,85.00,101.33,119.00,139.33
477,575.92,1433.48,41.67,52.00,53.00,64.67,74.67,83.67,91.00,91.33,95.00,107.67,125.33
478,576.03,1436.81,23.67,43.00,56.67,54.33,70.67,79.67,78.00,88.33,92.33,113.67,111.00
479,576.14,1440.14,22.67,38.00,35.33,61.00,66.00,77.33,75.67,96.33,81.00,114.00,100.00
480,576.25,1443.47,33.00,39.33,44.33,66.00,64.67,81.00,75.67,90.00,83.33,117.67,115.00
481,576.36,1446.80,40.67,39.33,39.33,71.00,57.33,73.67,79.67,87.67,93.67,109.00,123.00
482,576.47,1450.13,36.67,36.67,50.67,68.33,64.67,79.33,77.00,87.33,98.67,117.67,125.33
483,576.58,1453.45,30.33,35.67,48.00,85.00,66.00,82.00,82.33,97.33,113.00,112.67,123.00
484,576.69,1456.77,24.00,33.00,31.33,67.33,58.33,84.33,78.33,101.00,98.67,99.67,108.67
485,576.80,1460.09,10.00,29.00,28.67,53.33,57.00,72.00,84.67,91.33,93.67,90.67,112.33
486,576.91,1463.41,-1.33,12.33,23.67,37.00,52.00,70.67,78.33,91.67,87.33,85.67,103.67
487,577.03,1466.72,7.67,12.67,48.00,46.67,56.00,73.33,82.33,97.00,91.33,106.33,122.33
488,577.14,1470.03,18.00,20.67,43.33,51.67,51.33,73.67,80.00,94.00,107.67,113.00,110.00
489,577.25,1473.34,30.67,34.67,39.67,49.00,55.00,67.33,76.00,83.67,111.33,124.33,115.00
490,577.36,1476.65,25.33,52.00,39.33,54.33,66.00,77.33,94.67,92.33,121.33,125.33,109.00
491,577.47,1479.96,20.33,46.67,41.67,51.67,70.67,75.67,95.67,108.00,116.33,112.67,111.33
492,577.58,1483.26,12.33,38.33,40.00,47.67,66.67,83.00,99.33,108.00,112.33,100.00,108.67
493,577.69,1486.56,-2.67,23.33,32.00,36.33,54.00,65.33,78.00,87.67,103.67,82.33,101.33
494,577.80,1489.86,6.00,36.00,40.67,55.33,58.00,79.33,76.67,83.33,103.67,100.00,105.00
495,577.91,1493.15,19.00,49.33,61.33,72.00,74.67,79.67,80.67,94.67,120.33,114.00,115.00
496,578.02,1496.45,41.67,64.33,78.33,88.33,83.33,94.67,99.67,126.33,130.33,129.00,123.67
497,578.13,1499.74,31.67,40.33,64.67,74.67,79.67,77.00,84.67,112.67,119.00,118.67,121.33
498,578.24,1503.03,9.00,16.33,52.00,62.67,50.67,63.00,68.33,94.33,97.67,99.67,97.67
499,578.35,1506.31,-3.67,1.33,43.33,54.00,55.00,54.33,52.00,75.67,89.00,107.67,92.67
500,578.46,1509.60,7.67,5.33,47.00,51.33,55.00,62.00,66.00,89.33,101.67,109.00,97.67
501,578.57,1512.88,30.67,32.33,52.33,60.00,78.00,93.00,89.33,102.00,111.33,122.33,115.67
502,578.68,1516.16,36.00,37.33,51.00,60.00,74.00,98.33,94.67,102.00,108.67,114.67,118.33
503,578.79,1519.43,23.33,41.00,44.67,57.67,82.67,96.00,89.67,98.33,106.33,113.67,109.67
504,578.90,1522.71,1.33,28.00,35.33,52.00,68.33,71.33,63.67,83.67,99.00,103.00,106.67
505,579.00,1525.98,-2.67,30.67,29.00,54.67,63.33,71.33,64.67,78.33,109.33,99.00,114.33
506,579.11,1529.25,1.00,37.00,39.00,50.67,53.00,81.00,73.33,79.33,106.33,102.33,121.67
507,579.22,1532.52,17.33,43.00,39.00,48.00,66.67,100.00,91.00,99.67,107.33,106.00,124.00
508,579.33,1535.79,21.33,40.33,40.33,39.00,74.33,94.67,93.67,108.67,89.33,103.67,119.00
509,579.44,1539.05,43.33,44.33,56.33,58.33,88.67,104.00,108.00,111.67,96.00,113.00,139.33
510,579.55,1542.31,43.33,42.00,60.00,61.00,80.00,101.33,111.67,108.33,97.33,114.00,144.33
511,579.66,1545.57,40.33,38.00,62.33,62.00,76.00,103.67,106.33,96.67,105.33,115.00,150.33
512,579.77,1548.83,9.67,18.67,28.67,40.33,53.00,83.33,84.67,89.00,100.00,90.67,122.00
513,579.88,1552.08,6.00,13.33,20.00,48.00,51.67,69.33,82.33,91.00,106.33,93.33,119.67
514,579.99,1555.33,-3.67,8.67,11.33,40.67,45.33,59.67,85.00,103.33,104.67,84.67,107.00
515,580.10,1558.58,16.67,22.67,42.00,55.67,60.67,68.33,95.00,105.67,111.33,103.67,129.00
516,580.21,1561.83,34.67,38.33,57.33,63.33,72.33,84.33,102.67,104.67,119.33,114.00,131.67
517,580.32,1565.07,47.00,50.67,67.33,82.33,73.67,81.67,100.00,100.00,114.33,121.67,128.00
518,580.43,1568.32,48.33,57.00,59.67,81.33,85.00,88.00,114.00,109.00,118.00,128.33,127.00
519,580.54,1571.56,33.00,46.67,64.67,61.00,83.67,85.33,112.67,103.67,99.33,122.00,128.00
520,580.65,1574.80,21.67,39.33,59.67,43.33,82.33,96.67,105.33,101.33,98.00,119.33,133.00
521,580.76,1578.03,12.67,35.67,53.33,43.33,71.00,86.67,89.00,86.33,95.67,102.67,124.00
522,580.86,1581.27,7.67,40.67,51.33,51.00,78.67,86.33,89.00,99.33,106.67,102.67,121.67
523,580.97,1584.50,24.33,40.67,57.67,54.67,80.00,89.00,100.33,95.33,124.33,107.67,129.33
524,581.08,1587.73,39.67,44.67,66.67,63.33,82.67,98.00,109.00,100.33,120.33,125.33,137.00
525,581.19,1590.95,38.33,34.67,49.67,60.67,66.00,75.00,104.00,90.67,103.67,119.00,120.33
526,581.30,1594.18,34.67,34.67,42.33,61.00,58.67,68.67,90.00,83.33,92.67,110.33,119.00
527,581.41,1597.40,11.67,24.33,24.33,45.67,54.67,52.00,78.67,83.00,90.00,95.33,113.67
528,581.52,1600.62,19.67,29.33,23.00,52.00,64.67,62.00,74.67,82.33,97.67,99.00,116.33
529,581.63,1603.84,19.33,39.33,31.67,64.33,80.33,70.67,89.67,91.00,101.00,109.00,111.33
530,581.74,1607.05,24.67,44.33,35.67,73.33,83.00,80.33,97.33,90.00,107.67,109.00,104.00
531,581.84,1610.27,16.00,31.00,33.67,63.67,61.00,73.33,86.67,80.33,103.00,93.00,102.00
532,581.95,1613.48,5.67,17.00,27.00,54.67,51.33,67.00,78.00,75.33,96.67,84.00,104.33
533,582.06,1616.69,28.00,23.33,31.67,54.67,55.00,64.67,70.00,81.33,91.33,100.00,105.33
534,582.17,1619.89,43.67,40.33,51.33,68.33,86.00,82.00,96.00,101.00,101.67,122.33,116.33
535,582.28,1623.10,49.00,48.00,49.67,73.67,95.67,82.00,99.67,98.33,103.00,135.00,120.33
536,582.39,1626.30,39.00,45.33,50.00,67.33,86.67,79.67,111.33,99.67,101.67,117.67,121.67
537,582.50,1629.50,29.00,43.00,46.33,61.00,80.33,82.33,96.33,97.33,107.33,115.33,128.00
538,582.60,1632.70,45.67,53.33,61.00,72.33,83.33,97.67,100.33,112.67,122.67,124.33,132.00
539,582.71,1635.89,35.67,40.67,61.33,80.00,81.00,102.67,101.67,104.00,121.33,128.00,139.00
540,582.82,1639.09,43.33,40.67,47.33,81.00,71.00,93.67,97.67,92.67,108.67,125.33,126.33
541,582.93,1642.28,28.00,28.00,34.67,62.00,58.67,78.67,102.67,86.33,94.67,116.67,111.00
542,583.04,1645.47,28.00,31.67,32.67,66.67,63.33,85.00,100.00,97.33,98.33,117.67,109.00
543,583.15,1648.65,24.00,40.33,41.33,64.00,73.33,81.00,107.33,108.33,99.33,113.67,116.33
544,583.26,1651.84,17.67,30.00,40.00,69.00,69.33,65.67,87.00,103.33,95.67,108.33,123.33
545,583.36,1655.02,16.67,31.67,38.00,55.67,62.33,54.67,74.67,98.67,87.33,107.67,116.00
546,583.47,1658.20,4.00,5.33,34.33,37.00,41.00,39.67,58.33,69.67,71.33,89.00,98.33
547,583.58,1661.38,1.33,15.33,21.67,29.33,33.33,51.00,61.00,67.00,75.00,80.00,85.00
548,583.69,1664.55,6.33,20.33,38.00,34.33,33.33,56.00,63.33,77.33,90.00,83.67,86.33
549,583.80,1667.72,10.33,31.67,45.67,48.33,48.33,71.33,68.67,89.00,112.67,100.00,94.00
550,583.90,1670.89,22.00,33.00,59.67,55.00,70.00,79.00,75.00,98.00,120.33,106.67,106.67
551,584.01,1674.06,28.00,45.33,59.33,67.33,78.33,82.33,77.33,80.00,110.67,110.33,112.67
552,584.12,1677.23,39.33,54.00,65.67,76.00,82.00,86.00,83.33,98.67,119.33,119.00,122.67
553,584.23,1680.39,35.33,61.67,68.67,77.00,79.33,91.00,87.00,100.00,109.33,120.00,117.67
554,584.34,1683.55,38.00,51.67,58.67,68.33,81.00,73.67,80.67,117.67,109.00,111.00,123.00
555,584.44,1686.71,24.00,49.33,41.00,62.00,80.00,64.67,79.67,97.67,97.67,106.00,118.00
556,584.55,1689.87,20.00,39.00,36.67,64.67,69.67,48.67,84.67,92.33,103.67,98.33,122.67
557,584.66,1693.03,11.00,39.00,41.67,62.00,72.00,62.33,96.00,78.33,82.00,66.67,125.00
558,584.77,1696.18,28.67,44.00,63.00,63.33,66.67,77.33,100.67,85.67,92.00,69.00,131.33
559,584.88,1699.33,44.00,48.00,66.67,63.33,74.33,83.67,93.00,101.00,93.33,87.00,136.67
560,584.98,1702.48,36.33,43.00,64.33,54.33,70.33,86.33,86.67,97.33,103.33,123.67,129.00
561,585.09,1705.62,34.00,33.00,57.00,68.33,70.67,81.67,85.67,107.67,102.33,121.33,120.33
562,585.20,1708.77,30.33,33.00,52.33,67.00,68.33,89.00,87.33,105.33,112.67,108.67,113.00
563,585.31,1711.91,44.67,38.33,46.00,71.00,68.67,91.67,95.33,114.33,126.67,120.33,117.00
564,585.41,1715.05,35.67,37.00,43.33,57.00,81.00,96.67,103.00,118.00,108.67,131.67,127.00
565,585.52,1718.19,25.67,33.33,49.67,53.33,82.33,82.67,106.67,102.67,91.00,131.67,129.33
566,585.63,1721.32,19.33,29.33,48.33,56.00,81.00,78.00,105.33,107.67,91.00,119.00,129.33
567,585.74,1724.45,24.33,34.33,52.67,54.67,80.00,66.67,94.00,105.33,98.67,117.67,131.67
568,585.84,1727.59,32.00,37.00,55.00,58.33,82.67,80.67,96.67,114.33,119.00,131.67,139.33
569,585.95,1730.71,24.00,29.33,53.67,58.00,84.00,77.67,95.33,105.33,121.67,132.67,129.00
570,586.06,1733.84,29.33,32.00,48.00,67.00,77.67,95.33,105.33,102.67,128.00,135.33,121.67
571,586.17,1736.96,22.00,24.67,46.00,65.00,62.67,88.67,94.33,90.33,118.33,125.67,110.67
572,586.27,1740.09,27.33,28.67,61.33,75.33,67.67,91.33,93.00,86.67,117.00,127.33,122.33
573,586.38,1743.21,17.00,27.33,65.33,74.00,66.33,80.00,90.67,94.33,105.67,120.00,124.67
574,586.49,1746.32,19.00,44.33,66.00,78.33,82.33,80.00,107.67,105.00,105.00,124.33,126.67
575,586.59,1749.44,26.67,46.67,59.67,75.67,79.67,95.00,117.67,116.33,106.33,130.33,138.00
576,586.70,1752.55,21.67,50.33,53.33,75.67,73.33,99.33,125.33,95.00,115.33,124.00,145.67
577,586.81,1755.66,26.67,44.33,48.33,76.00,73.33,108.33,120.33,97.00,111.67,120.33,154.67
578,586.92,1758.77,21.33,43.00,49.67,69.67,69.67,97.00,114.00,97.00,114.00,125.67,138.00
579,587.02,1761.88,34.00,50.67,48.33,62.00,76.00,95.00,113.67,102.00,119.00,135.67,128.00
580,587.13,1764.98,32.67,54.00,53.00,50.33,69.33,82.00,117.33,96.33,118.67,138.00,126.33
581,587.24,1768.08,35.33,65.67,56.67,51.67,80.67,87.00,124.00,99.00,120.00,134.00,143.00
582,587.34,1771.18,21.33,55.67,51.67,50.67,78.33,84.67,114.00,101.33,119.00,127.67,145.67
583,587.45,1774.28,17.67,40.67,45.67,62.00,78.67,93.67,97.67,101.33,118.00,122.67,135.67
584,587.56,1777.38,9.00,34.33,40.67,56.00,62.33,85.00,90.00,97.33,109.33,116.33,118.00
585,587.66,1780.47,23.00,35.33,54.33,69.67,64.67,87.33,88.67,105.67,99.00,127.67,124.00
586,587.77,1783.56,33.33,52.00,60.67,76.33,68.67,96.33,107.67,117.33,108.00,135.33,134.33
587,587.88,1786.65,25.67,45.67,59.33,80.00,73.67,97.33,102.33,117.33,105.33,135.33,139.33
588,587.98,1789.74,25.67,44.33,62.00,72.33,69.67,96.67,99.67,118.00,109.00,130.33,138.00
589,588.09,1792.82,7.67,34.00,60.67,62.00,67.00,84.00,82.00,109.00,95.33,126.67,126.67
590,588.20,1795.90,24.00,31.33,62.00,53.00,64.33,80.33,83.33,106.33,96.67,123.00,129.00
591,588.30,1798.98,14.00,29.00,53.33,61.00,69.67,81.33,90.00,93.67,103.33,128.33,124.33
592,588.41,1802.06,9.00,31.67,54.67,66.00,83.67,84.00,95.00,92.33,110.33,128.33,131.67
593,588.52,1805.14,10.33,41.67,67.33,66.00,94.00,89.00,86.00,90.00,121.67,130.67,128.00
594,588.62,1808.21,24.33,52.00,77.33,68.33,101.67,97.67,84.67,104.00,124.00,134.33,143.00
595,588.73,1811.28,51.00,59.67,77.33,68.67,97.67,104.00,86.00,109.00,139.33,139.33,144.33
596,588.84,1814.35,46.00,56.00,63.33,78.67,87.33,99.00,98.67,107.67,122.67,134.33,145.67
597,588.94,1817.42,42.00,49.33,52.00,72.33,79.67,95.33,103.67,115.00,126.33,111.33,136.67
598,589.05,1820.49,26.67,41.67,54.33,65.67,72.00,87.33,106.00,99.67,101.00,104.67,141.67
599,589.16,1823.55,21.33,41.67,59.33,57.00,73.33,88.33,98.67,98.33,103.67,112.33,141.67
600,589.26,1826.61,12.67,35.67,64.33,43.00,69.67,74.33,95.00,84.67,96.33,121.33,129.33
601,589.37,1829.67,15.33,29.33,58.33,47.00,72.33,77.33,91.33,93.67,96.33,120.33,123.33
602,589.47,1832.72,24.33,28.00,49.33,62.00,71.00,73.67,96.33,93.67,101.33,122.67,121.67
603,589.58,1835.78,38.00,44.33,55.67,87.33,89.67,92.67,103.67,111.33,105.00,129.00,134.00
604,589.69,1838.83,44.33,54.33,60.67,87.33,89.67,90.00,112.67,117.67,116.33,132.67,133.67
605,589.79,1841.88,36.67,59.33,64.67,65.67,89.67,91.33,103.67,122.67,115.00,121.33,136.33
606,589.90,1844.93,34.00,46.33,58.00,55.33,82.00,86.00,91.00,103.33,116.00,125.00,137.67
607,590.00,1847.97,25.00,42.67,61.67,55.33,88.33,83.33,80.67,98.33,130.00,124.00,142.67
608,590.11,1851.02,26.33,45.33,59.00,73.33,98.33,88.33,98.33,98.33,130.67,132.67,142.67
609,590.22,1854.06,25.00,50.33,55.33,69.67,94.67,87.00,111.00,93.33,132.00,121.00,140.00
610,590.32,1857.10,28.67,45.33,54.00,77.00,90.67,85.67,118.67,104.67,121.67,127.00,142.67
611,590.43,1860.13,27.33,37.67,54.33,62.00,83.33,79.33,111.33,107.33,116.33,123.67,131.33
612,590.53,1863.17,30.00,33.00,54.33,71.00,80.67,73.33,97.33,112.67,117.67,126.33,118.67
613,590.64,1866.20,29.00,34.33,43.33,74.00,77.33,80.00,91.33,107.67,120.67,121.67,117.67
614,590.75,1869.23,25.00,19.00,35.33,66.00,71.00,78.67,79.67,96.33,123.00,117.67,124.00
615,590.85,1872.26,16.00,12.33,35.33,55.67,61.00,85.33,84.67,108.67,115.33,116.33,138.00
616,590.96,1875.29,17.00,16.00,52.67,46.33,63.33,94.00,89.33,110.00,108.67,125.00,132.67
617,591.06,1878.31,35.00,50.33,75.00,77.00,78.67,109.33,116.00,122.67,120.00,140.33,145.33
618,591.17,1881.33,27.67,54.33,72.33,72.00,77.33,97.33,108.33,107.67,110.00,132.67,126.33
619,591.27,1884.35,31.00,53.67,63.00,64.00,80.33,89.00,113.00,110.67,103.67,124.67,119.33
620,591.38,1887.37,15.67,37.33,46.00,48.67,67.00,72.33,89.00,110.67,98.67,100.33,102.33
621,591.48,1890.38,13.00,26.67,42.33,47.33,72.33,70.00,89.33,105.67,103.67,108.33,108.67
622,591.59,1893.40,10.00,28.67,38.00,59.33,65.33,58.00,79.67,95.00,117.67,112.67,113.33
623,591.70,1896.41,7.00,15.33,22.00,52.33,51.33,58.67,77.67,69.00,106.67,102.00,99.33
624,591.80,1899.42,6.00,22.33,29.67,55.00,46.00,55.67,67.67,74.00,91.67,98.00,95.67
625,591.91,1902.43,2.33,18.67,31.00,52.67,40.00,61.00,61.67,79.33,79.00,88.00,86.67
626,592.01,1905.43,13.00,25.67,42.00,63.67,50.67,70.67,65.00,96.67,87.67,111.67,107.00
627,592.12,1908.43,29.33,32.00,47.67,61.00,66.00,85.00,80.00,103.00,101.33,122.00,126.00
628,592.22,1911.43,36.67,38.00,43.67,53.33,81.00,95.00,86.00,97.67,102.67,125.67,133.67
629,592.33,1914.43,40.67,48.33,54.00,62.33,92.67,100.67,102.67,102.67,102.67,124.33,140.67
630,592.43,1917.43,38.00,36.67,38.00,58.67,81.00,96.00,98.67,111.33,96.33,110.33,134.33
631,592.54,1920.42,40.33,39.33,43.00,75.00,84.67,94.67,110.00,118.67,105.00,116.33,138.00
632,592.64,1923.41,25.00,32.67,49.00,60.67,68.00,76.33,92.00,113.33,98.33,111.33,124.00
633,592.75,1926.40,25.00,39.00,53.00,64.33,70.67,75.67,90.67,93.00,98.33,125.00,120.00
634,592.85,1929.39,24.00,140.33,168.00,175.67,164.33,189.33,185.67,214.67,209.67,237.67,241.33
635,592.96,1932.38,22.67,129.00,157.67,173.00,174.33,189.33,178.00,209.67,209.67,240.00,241.33
636,593.06,1935.36,12.67,126.67,165.33,173.00,175.67,189.67,170.67,218.67,221.00,226.33,241.33
637,593.17,1938.34,-2.00,21.33,55.33,47.67,69.33,71.00,65.00,92.00,101.00,105.00,113.67
638,593.27,1941.32,9.33,37.67,53.00,50.33,63.00,74.67,69.00,99.67,110.00,101.33,123.67
639,593.38,1944.30,26.67,46.67,50.67,53.00,58.00,72.33,87.00,96.67,106.67,114.00,130.33
640,593.48,1947.27,29.67,39.00,40.67,49.00,41.67,72.00,74.67,96.67,112.67,126.67,134.00
641,593.59,1950.25,17.00,27.67,36.67,52.67,44.33,65.67,69.33,97.67,102.33,125.33,117.67
642,593.69,1953.22,4.67,23.67,39.00,63.00,49.33,66.67,64.00,102.33,111.00,111.33,111.33
643,593.80,1956.19,10.00,35.33,41.67,76.00,74.67,65.67,78.33,105.67,115.00,105.00,116.67
644,593.90,1959.15,27.67,44.00,57.00,74.67,89.67,80.67,94.67,107.00,126.33,112.33,133.00
645,594.00,1962.12,30.33,55.33,58.33,74.33,102.33,90.67,107.33,111.67,120.00,128.67,141.67
646,594.11,1965.08,31.33,50.33,67.00,74.00,102.33,97.00,108.33,108.33,125.00,132.33,147.67
647,594.21,1968.04,25.33,41.67,57.00,66.67,83.67,100.00,102.33,108.67,128.00,135.33,139.00
648,594.32,1971.00,33.00,24.00,59.33,63.00,66.00,87.33,91.00,101.33,120.33,117.67,135.33
649,594.42,1973.95,33.33,25.33,49.33,58.33,64.67,79.67,83.67,104.00,104.00,109.00,134.33
650,594.53,1976.91,27.00,34.33,49.33,67.33,68.33,72.00,86.33,88.67,98.67,105.00,130.67
651,594.63,1979.86,20.33,34.33,30.33,57.00,65.67,77.00,78.67,86.00,98.67,107.33,126.67
652,594.74,1982.81,34.33,25.33,34.33,54.33,57.00,91.00,83.67,90.00,105.00,111.33,126.67
653,594.84,1985.76,45.67,17.67,40.67,53.00,60.67,91.00,82.33,101.33,101.33,112.67,129.00
654,594.94,1988.70,37.00,17.67,53.33,52.00,50.67,82.33,82.33,97.67,99.00,109.33,126.67
655,595.05,1991.65,29.33,29.00,63.33,45.67,58.33,69.67,87.33,97.67,101.67,110.33,126.67
656,595.15,1994.59,27.00,39.33,58.33,54.67,61.00,66.00,95.00,99.00,105.00,108.00,127.00
657,595.26,1997.53,37.33,54.67,67.33,68.67,81.33,78.67,104.00,106.67,113.67,120.67,136.00
658,595.36,2000.46,22.00,48.33,55.67,73.67,68.33,75.33,92.67,95.00,111.00,118.00,123.33
659,595.47,2003.40,23.00,33.00,53.33,67.33,61.00,71.33,91.33,95.00,102.67,102.67,125.67
660,595.57,2006.33,20.00,25.33,48.00,49.33,57.00,67.33,92.33,98.67,96.33,105.00,116.33
661,595.67,2009.26,24.67,25.00,43.67,51.33,70.33,70.00,102.00,94.33,92.00,102.00,115.67
662,595.78,2012.19,5.67,29.00,43.67,46.33,74.00,74.00,94.33,86.67,87.00,116.00,98.00
663,595.88,2015.12,6.00,26.67,40.33,50.33,65.33,70.67,85.67,76.67,87.33,104.67,90.67
664,595.98,2018.04,18.00,41.00,52.67,60.00,72.67,83.00,88.67,96.33,102.00,120.67,108.00
665,596.09,2020.96,18.00,39.33,58.67,61.00,75.00,85.33,95.00,99.00,118.67,130.67,125.67
666,596.19,2023.88,23.00,44.33,67.33,80.00,87.67,94.00,113.00,100.33,127.33,152.33,137.33
667,596.30,2026.80,6.33,43.00,82.00,82.00,77.00,72.00,101.33,90.00,114.33,144.33,128.00
668,596.40,2029.72,22.67,44.33,90.67,83.33,73.00,72.00,101.33,97.33,108.67,135.33,130.33
669,596.50,2032.63,7.67,38.00,71.67,56.67,62.67,64.33,78.33,97.00,93.33,117.33,113.67
670,596.61,2035.55,16.67,24.33,58.00,53.33,61.67,73.33,80.00,102.33,92.33,111.33,109.00
671,596.71,2038.46,19.33,46.00,54.67,59.67,71.00,73.33,89.00,116.67,106.67,134.33,116.67
672,596.81,2041.36,27.00,42.33,65.00,80.00,73.67,85.00,105.67,125.67,123.33,141.00,133.33
673,596.92,2044.27,34.33,56.00,65.00,76.00,76.00,96.33,113.00,119.33,134.67,147.33,148.33
674,597.02,2047.17,25.33,38.33,52.00,60.67,63.00,105.33,90.00,101.33,124.33,116.67,144.67
675,597.12,2050.07,29.33,55.00,49.67,47.00,68.67,103.00,76.33,91.67,124.67,114.33,142.33
676,597.23,2052.97,10.33,33.33,28.00,33.00,51.00,81.67,67.33,81.33,105.33,110.33,123.33
677,597.33,2055.87,3.00,34.67,32.00,39.67,53.67,69.00,79.00,76.33,99.00,118.00,128.33
678,597.43,2058.77,1.33,31.67,37.67,60.67,55.33,74.67,93.67,73.33,89.67,126.33,135.33
679,597.54,2061.66,8.00,47.00,53.00,69.67,74.33,84.67,94.00,87.33,98.67,117.67,141.67
680,597.64,2064.55,20.33,51.67,49.00,77.00,76.67,89.67,96.33,100.00,105.00,117.67,130.33
681,597.74,2067.44,22.33,48.67,51.33,59.00,71.33,79.33,84.33,104.67,105.67,104.67,122.33
682,597.85,2070.33,26.00,36.00,35.00,60.33,67.67,82.00,81.67,92.00,108.33,93.33,114.67
683,597.95,2073.21,22.33,31.00,46.33,65.33,72.67,78.00,84.00,88.00,108.67,93.33,119.33
684,598.05,2076.10,27.67,29.00,39.00,69.67,70.67,78.33,88.33,84.67,106.67,106.33,122.33
685,598.16,2078.98,20.67,41.00,40.67,62.33,57.33,71.00,85.00,95.33,99.67,120.67,114.00
686,598.26,2081.86,19.33,46.00,47.00,53.33,63.67,77.33,94.00,105.33,99.00,123.00,120.33
687,598.36,2084.73,9.33,33.33,47.00,46.67,59.67,72.33,92.67,111.33,106.67,107.67,119.00
688,598.47,2087.61,26.33,28.33,69.33,54.00,82.00,78.33,110.00,112.00,121.33,117.33,141.33
689,598.57,2090.48,22.67,16.00,49.33,49.33,76.00,71.00,101.33,99.67,110.33,116.33,138.00
690,598.67,2093.35,29.00,28.33,44.33,66.00,88.67,76.00,111.33,108.67,103.67,135.33,144.33
691,598.77,2096.22,11.33,27.67,29.00,59.67,82.00,87.33,112.33,113.67,103.33,130.00,146.67
692,598.88,2099.09,31.67,44.00,46.67,72.00,89.33,97.33,126.00,121.33,132.33,144.00,151.67
693,598.98,2101.95,41.67,50.33,56.67,64.33,98.33,103.67,127.33,121.33,147.00,129.00,155.33
694,599.08,2104.81,54.33,60.33,73.00,73.00,99.67,93.67,121.33,120.33,134.67,133.00,146.67
695,599.19,2107.67,37.67,52.67,69.00,68.00,93.33,96.00,108.67,117.67,129.67,121.33,144.00
696,599.29,2110.53,30.33,41.67,77.00,68.00,88.33,100.00,96.33,124.00,118.00,126.33,138.00
697,599.39,2113.39,25.00,41.67,68.33,78.00,89.67,111.33,96.00,120.00,125.33,127.33,152.00
698,599.49,2116.24,36.33,45.33,69.67,80.67,92.33,98.67,99.67,128.67,122.67,133.67,147.33
699,599.60,2119.10,30.67,58.67,61.33,88.00,89.33,85.33,106.67,117.00,129.67,132.00,145.33
700,599.70,2121.95,38.67,52.67,56.33,82.00,85.67,79.00,108.33,128.67,131.00,129.67,136.00
701,599.80,2124.79,25.00,50.33,50.00,71.67,73.00,89.33,104.00,111.00,127.33,123.33,136.67
702,599.90,2127.64,19.33,40.67,53.00,54.33,66.00,92.33,90.67,107.67,116.33,124.00,137.33
703,600.01,2130.48,14.33,45.67,60.67,48.00,63.67,86.00,81.67,100.00,106.33,131.67,135.33
704,600.11,2133.33,27.00,52.00,66.00,64.67,81.67,84.67,95.00,108.00,100.00,130.67,130.67
705,600.21,2136.17,33.33,52.00,62.33,86.33,84.00,85.00,114.00,113.00,111.67,135.67,137.00
706,600.31,2139.00,23.00,35.33,47.00,80.00,83.67,82.33,111.33,104.00,106.67,111.67,130.67
707,600.41,2141.84,13.00,24.00,48.00,68.67,67.00,81.00,88.67,101.33,104.00,106.67,123.00
708,600.52,2144.67,1.67,17.67,36.67,47.00,72.33,73.33,68.33,81.00,95.00,95.33,111.67
709,600.62,2147.51,14.33,30.33,51.67,50.67,79.67,84.67,77.00,75.67,110.00,104.00,110.00
710,600.72,2150.34,9.00,29.00,29.67,43.00,83.33,79.67,74.33,68.00,112.67,103.67,108.67
711,600.82,2153.16,21.33,44.00,39.00,55.33,84.33,97.00,94.33,90.67,117.33,112.33,100.67
712,600.93,2155.99,18.67,51.67,32.67,64.00,80.67,90.67,107.33,108.67,122.33,118.67,104.67
713,601.03,2158.81,41.67,76.00,58.67,82.00,87.33,102.33,129.00,120.33,135.00,136.67,130.00
714,601.13,2161.63,39.00,71.00,58.00,77.00,78.33,86.00,122.67,123.00,135.00,139.00,142.67
715,601.23,2164.45,35.67,59.67,56.67,74.67,70.67,81.00,113.67,116.67,125.00,136.33,145.00
716,601.33,2167.27,24.00,32.67,46.33,59.00,69.00,71.33,98.33,111.33,106.00,116.00,128.33
717,601.43,2170.09,31.67,32.67,55.33,70.67,75.33,88.00,106.00,114.00,117.67,121.33,124.67
718,601.54,2172.90,45.33,46.67,64.33,79.67,93.33,114.67,113.67,129.33,134.00,133.00,132.67
719,601.64,2175.71,41.67,59.33,74.00,80.00,94.67,121.67,117.67,140.67,140.33,149.33,143.00
720,601.74,2178.52,24.00,54.33,68.67,69.67,96.00,111.33,107.67,127.67,130.00,134.00,148.00
721,601.84,2181.33,15.00,37.67,62.33,57.00,89.67,86.00,95.00,118.67,115.00,130.33,148.00
722,601.94,2184.13,26.67,29.00,48.00,71.00,71.00,77.00,87.33,106.00,108.00,116.67,140.33
723,602.04,2186.94,44.33,29.00,45.67,72.33,76.00,81.33,82.00,107.33,105.00,114.00,140.33
724,602.15,2189.74,49.67,37.00,51.00,89.00,75.00,84.00,93.67,107.67,100.00,120.33,134.00
725,602.25,2192.54,25.33,39.33,47.00,85.00,91.33,81.67,105.00,121.67,108.33,129.00,134.00
726,602.35,2195.34,17.33,53.33,49.67,85.00,84.00,78.67,106.33,121.67,114.00,147.00,135.33
727,602.45,2198.13,19.67,52.00,53.33,74.67,84.00,73.67,108.67,122.67,125.33,143.33,130.33
728,602.55,2200.92,31.00,50.67,57.00,59.33,80.00,74.67,96.00,108.67,118.67,134.33,136.67
729,602.65,2203.72,21.67,23.00,52.00,43.00,68.67,61.00,91.33,93.67,100.00,114.00,124.33
730,602.76,2206.51,15.33,19.00,53.33,38.00,72.33,80.00,86.33,95.00,102.67,108.67,140.67
731,602.86,2209.29,16.67,30.67,68.00,48.33,82.67,95.33,98.00,107.67,110.67,126.67,134.33
732,602.96,2212.08,39.33,49.67,75.67,81.33,100.33,115.67,128.33,125.67,138.33,151.00,163.33
733,603.06,2214.86,33.00,58.67,65.67,84.00,91.33,110.67,120.67,119.33,124.33,152.33,153.33
734,603.16,2217.64,34.00,45.67,58.67,80.00,79.67,98.00,116.67,120.67,131.67,140.67,155.67
735,603.26,2220.42,16.33,36.67,51.00,53.33,69.67,80.00,85.00,108.00,110.33,134.33,136.67
736,603.36,2223.20,17.67,17.67,47.00,53.33,64.67,69.67,89.00,105.67,109.00,121.67,127.67
737,603.46,2225.97,26.67,30.67,62.00,72.33,77.33,84.67,99.00,95.33,115.33,135.67,133.00
738,603.56,2228.75,29.00,35.67,64.33,74.67,77.00,104.67,110.00,111.33,120.00,118.67,125.33
739,603.67,2231.52,20.00,43.00,70.67,70.33,80.67,108.33,102.00,103.33,136.33,130.00,127.67
740,603.77,2234.29,13.67,44.00,49.33,51.33,66.67,109.67,93.00,111.00,125.00,126.33,118.67
741,603.87,2237.06,8.00,26.33,43.67,37.00,58.33,91.33,87.33,92.67,118.00,131.00,121.67
742,603.97,2239.82,17.00,29.00,38.67,37.33,58.33,87.00,86.33,100.33,103.00,122.00,118.00
743,604.07,2242.58,5.67,16.67,42.67,37.67,56.00,70.67,86.00,86.67,99.33,113.33,113.00
744,604.17,2245.35,29.00,38.00,61.00,68.33,72.00,86.67,94.33,105.00,107.67,121.33,123.67
745,604.27,2248.11,29.67,37.67,55.33,66.67,60.33,85.67,104.00,108.33,116.00,123.33,132.00
746,604.37,2250.86,32.00,43.67,53.67,70.00,66.67,83.00,100.67,113.00,110.67,123.00,133.33
747,604.47,2253.62,24.67,44.00,46.67,68.00,72.00,78.00,104.67,104.33,122.33,124.67,141.33
748,604.57,2256.37,16.33,52.00,46.00,62.00,82.67,79.67,93.67,91.00,112.67,128.00,129.33
749,604.67,2259.12,21.67,48.33,44.67,57.00,84.00,88.67,96.33,96.33,128.00,126.67,133.00
750,604.77,2261.87,7.67,39.33,36.67,51.67,73.67,83.67,88.67,92.67,111.33,121.67,120.33
751,604.87,2264.62,16.33,34.00,50.33,68.00,87.33,86.00,105.00,109.00,129.00,124.00,126.33
752,604.97,2267.37,13.00,32.67,45.33,68.00,83.33,79.33,97.33,103.67,103.67,122.67,125.00
753,605.07,2270.11,16.67,36.33,45.00,66.67,87.00,78.00,99.67,109.67,108.67,122.33,117.00
754,605.18,2272.85,18.33,30.33,37.67,58.00,67.00,74.67,87.33,107.33,98.67,120.00,123.67
755,605.28,2275.59,38.33,43.33,49.33,69.67,72.33,86.33,96.33,125.33,123.00,133.00,140.33
756,605.38,2278.33,51.33,51.00,64.67,76.33,79.00,97.67,92.67,139.67,133.33,128.33,148.33
757,605.48,2281.06,55.00,50.67,71.00,81.33,91.33,116.33,107.67,139.33,142.00,133.33,153.33
758,605.58,2283.80,57.33,56.67,79.67,88.67,93.67,126.33,112.00,143.00,149.33,140.67,149.33
759,605.68,2286.53,53.33,63.00,76.00,93.33,87.00,125.00,127.00,149.00,147.33,148.00,145.33
760,605.78,2289.26,52.00,74.67,74.67,89.67,88.67,116.33,117.00,142.33,139.33,146.67,149.33
761,605.88,2291.98,38.00,54.67,66.00,76.00,86.33,97.67,114.00,127.33,129.33,133.00,143.33
762,605.98,2294.71,36.67,47.00,71.00,72.33,80.00,95.33,99.00,112.33,125.00,138.00,148.33
763,606.08,2297.43,15.00,25.33,59.67,55.67,67.00,72.33,79.67,99.00,116.67,112.67,125.33
764,606.18,2300.16,17.67,30.33,55.67,53.00,68.00,69.67,78.33,96.33,111.33,110.00,115.00
765,606.28,2302.87,19.00,35.33,33.00,44.33,69.33,74.67,82.33,92.33,121.33,96.33,106.33
766,606.38,2305.59,35.67,44.33,47.00,64.67,73.33,89.33,104.00,91.00,135.33,116.67,123.00
767,606.48,2308.31,36.67,55.67,61.00,71.00,73.33,101.33,109.00,99.67,134.00,123.00,142.00
768,606.58,2311.02,31.67,42.00,70.00,67.33,77.33,92.67,101.33,108.67,120.33,130.67,148.33
769,606.68,2313.73,30.33,44.67,54.67,61.00,69.67,89.67,87.67,117.67,102.67,122.00,126.67
770,606.78,2316.44,16.67,32.00,33.33,57.33,66.00,79.00,73.67,111.67,106.67,110.67,107.67
771,606.88,2319.15,23.00,40.67,31.67,76.00,69.67,87.67,94.00,101.67,115.33,122.00,110.33
772,606.98,2321.86,37.00,57.00,50.00,102.67,85.00,105.33,114.00,119.33,133.00,152.33,138.33
773,607.07,2324.56,61.00,75.00,67.67,115.33,99.00,115.67,142.00,127.00,151.00,176.33,162.67
774,607.17,2327.26,62.00,73.67,80.33,107.67,100.33,109.33,145.67,145.67,161.00,176.00,185.33
775,607.27,2329.96,49.33,71.00,92.33,95.00,111.67,111.67,149.67,147.00,180.00,181.00,187.67
776,607.37,2332.66,28.00,48.00,74.67,77.33,92.67,101.33,130.67,129.33,152.00,154.67,173.67
777,607.47,2335.36,16.67,36.67,53.33,71.00,77.33,87.33,106.67,122.00,134.33,143.33,150.67
778,607.57,2338.05,24.33,23.00,35.67,68.33,50.67,73.67,96.33,117.00,112.67,121.67,147.00
779,607.67,2340.74,35.67,34.33,40.67,81.00,72.33,85.00,109.00,128.33,115.33,134.33,157.00
780,607.77,2343.43,33.00,35.67,43.00,65.67,76.00,91.33,112.67,109.00,116.67,140.67,144.33
781,607.87,2346.12,25.00,35.33,46.67,56.67,87.33,87.33,107.67,101.00,111.67,138.00,131.33
782,607.97,2348.81,17.33,27.67,53.00,47.67,77.00,78.33,91.00,104.67,102.67,130.00,127.33
783,608.07,2351.49,18.67,29.00,64.33,64.33,86.00,75.67,93.67,120.00,104.00,121.33,133.67
784,608.17,2354.18,30.33,47.00,73.33,77.33,95.00,94.67,103.67,131.67,115.33,127.67,144.00
785,608.27,2356.86,34.00,48.33,73.33,82.33,85.67,93.67,110.33,112.67,125.33,134.33,134.00
786,608.37,2359.53,40.33,39.33,64.67,74.67,75.67,97.67,101.33,106.33,115.00,136.67,135.33
787,608.47,2362.21,24.33,18.33,41.33,60.00,63.33,65.33,98.33,85.33,112.00,124.67,127.00
788,608.56,2364.89,24.33,29.67,45.00,60.00,69.00,71.67,95.67,103.00,119.67,117.00,129.67
789,608.66,2367.56,23.00,46.00,50.00,60.00,67.67,76.67,100.67,96.67,126.00,118.33,138.67
790,608.76,2370.23,28.67,58.67,60.67,65.67,78.67,93.67,98.67,116.33,126.33,126.67,153.33
791,608.86,2372.90,27.33,41.00,56.67,64.33,72.00,82.00,98.33,107.33,117.33,129.00,157.00
792,608.96,2375.56,28.67,38.67,55.33,81.00,78.33,80.67,118.67,117.00,123.67,148.00,158.33
793,609.06,2378.23,13.67,17.67,52.67,76.00,75.67,84.00,118.67,104.33,111.00,153.00,148.00
794,609.16,2380.89,-6.67,17.67,49.00,78.33,83.33,77.67,129.00,108.00,123.67,154.33,151.67
795,609.26,2383.55,-7.00,22.00,55.00,75.00,86.67,88.67,122.00,101.67,134.67,142.33,151.00
796,609.36,2386.21,12.00,34.67,69.00,82.33,94.33,91.67,130.67,114.00,143.67,143.33,157.33
797,609.45,2388.87,25.00,39.67,65.33,79.00,87.00,114.67,118.00,118.00,135.67,139.67,139.67
798,609.55,2391.52,27.00,34.67,53.33,61.00,80.00,92.67,110.00,111.00,120.00,129.00,134.00
799,609.65,2394.18,32.00,45.00,40.67,62.67,77.67,101.67,102.67,109.00,122.67,135.67,128.00
800,609.75,2396.83,37.00,45.00,44.33,62.33,78.67,85.67,104.00,102.67,122.00,145.67,139.33
801,609.85,2399.48,11.67,35.67,44.33,59.67,76.00,90.67,93.67,105.33,113.00,155.67,140.67
802,609.95,2402.13,10.67,43.33,45.67,60.67,73.33,94.67,91.33,119.00,116.67,150.67,152.00
803,610.05,2404.77,9.33,35.67,42.00,57.00,73.33,87.67,96.33,116.67,116.67,143.00,157.33
804,610.14,2407.41,33.00,49.33,64.67,79.67,96.00,105.33,116.67,135.67,134.33,145.67,163.67
805,610.24,2410.06,26.33,31.33,67.00,81.00,89.67,92.33,119.00,124.33,130.67,138.00,156.00
806,610.34,2412.70,16.33,27.67,60.67,80.00,81.00,106.33,114.00,130.67,133.33,135.67,140.67
807,610.44,2415.33,7.33,17.67,45.33,66.00,73.33,94.67,103.67,120.33,130.67,125.33,137.67
808,610.54,2417.97,1.33,21.67,40.33,54.67,74.67,88.33,116.33,119.00,126.67,129.00,150.33
809,610.64,2420.60,8.33,40.00,49.33,61.33,90.67,91.67,112.00,117.00,118.33,128.33,172.67
810,610.73,2423.24,27.67,52.67,58.33,69.00,93.33,100.67,111.00,131.00,123.33,137.33,178.00
811,610.83,2425.87,34.00,52.67,65.00,64.00,93.33,102.00,99.67,126.00,128.67,140.00,164.00
812,610.93,2428.49,43.33,40.67,69.67,74.67,98.67,105.00,110.00,139.00,136.67,154.33,156.67
813,611.03,2431.12,35.67,40.67,63.33,69.67,84.67,93.67,115.00,131.33,124.00,146.67,147.67
814,611.13,2433.74,30.33,40.33,65.67,78.33,95.67,90.33,116.00,136.33,125.00,154.00,156.33
815,611.22,2436.37,25.67,49.67,72.00,72.67,95.00,96.00,114.33,133.33,143.33,152.00,150.67
816,611.32,2438.99,27.00,54.67,68.00,85.00,114.00,116.00,129.33,138.33,156.00,157.00,171.00
817,611.42,2441.61,43.00,55.67,71.33,87.00,106.00,126.33,124.00,144.00,155.67,142.67,165.67
818,611.52,2444.22,40.00,55.00,72.67,99.00,106.67,114.33,128.33,139.67,152.67,144.67,171.67
819,611.61,2446.84,53.67,62.67,86.67,95.33,111.67,115.67,129.67,146.67,166.67,158.67,173.00
820,611.71,2449.45,60.33,84.67,91.00,106.00,121.00,122.67,153.00,153.67,186.00,174.33,185.00
821,611.81,2452.06,65.33,82.33,81.00,87.00,118.67,127.67,158.00,151.00,174.33,164.33,190.00
822,611.91,2454.67,41.33,69.67,68.33,85.67,97.33,105.00,136.33,139.00,151.33,149.00,172.33
823,612.01,2457.28,28.33,50.00,52.33,75.00,89.33,100.67,105.33,119.33,135.67,143.67,161.67
824,612.10,2459.88,31.00,53.67,52.33,79.00,85.33,103.33,99.00,115.67,137.00,151.00,156.33
825,612.20,2462.48,45.00,52.33,60.00,75.33,99.00,122.33,110.67,117.00,142.33,156.00,167.67
826,612.30,2465.09,48.00,49.00,68.33,77.00,100.67,126.33,131.33,130.33,141.33,152.33,182.00
827,612.40,2467.69,53.00,63.00,90.00,87.33,111.00,126.33,147.00,142.00,151.67,165.33,209.00
828,612.49,2470.28,44.00,65.67,85.00,84.67,97.33,117.33,131.67,133.00,151.67,164.33,191.33
829,612.59,2472.88,41.67,59.67,78.67,76.00,85.00,107.67,120.67,116.67,140.67,154.67,178.67
830,612.69,2475.47,39.00,43.67,65.67,73.00,77.33,108.67,103.67,121.33,134.00,147.00,162.00
831,612.79,2478.06,36.67,31.00,65.67,78.33,89.00,109.00,116.67,130.33,138.00,153.33,167.00
832,612.88,2480.65,39.00,44.67,73.33,81.00,102.67,110.00,114.00,138.00,152.00,160.67,184.67
833,612.98,2483.24,29.00,48.00,69.00,69.67,106.33,101.33,120.33,125.33,143.33,164.33,177.00
834,613.08,2485.83,36.33,61.67,65.00,77.00,103.33,110.00,122.67,134.00,146.67,163.00,188.33
835,613.17,2488.41,24.00,54.33,63.67,80.67,94.67,104.00,131.33,141.67,141.67,167.00,176.00
836,613.27,2490.99,17.67,35.33,54.33,79.67,92.33,106.67,121.33,143.00,140.33,157.00,172.33
837,613.37,2493.57,25.00,35.00,71.00,88.00,98.33,103.67,122.00,145.00,133.67,152.67,174.33
838,613.47,2496.15,31.00,32.00,55.67,82.67,105.67,105.67,123.00,134.33,127.00,143.67,166.33
839,613.56,2498.73,45.00,57.33,77.33,100.33,112.00,104.33,132.00,148.33,142.33,151.33,174.00
840,613.66,2501.30,26.67,55.33,58.33,82.00,98.67,92.00,123.67,134.00,131.67,148.00,157.00
841,613.76,2503.88,17.67,51.67,62.00,77.00,81.00,96.00,115.00,139.33,139.33,155.33,152.00
842,613.85,2506.45,7.67,36.67,35.33,59.33,71.00,102.33,103.67,123.00,121.67,144.00,148.33
843,613.95,2509.02,19.00,41.67,45.33,70.67,79.67,115.00,112.33,127.67,143.00,146.67,154.33
844,614.05,2511.58,20.67,48.33,44.33,77.33,82.33,112.67,111.33,120.33,140.67,134.33,158.33
845,614.14,2514.15,28.00,73.33,62.00,89.67,89.67,117.67,132.67,127.67,150.67,140.33,164.33
846,614.24,2516.71,21.67,68.33,53.00,81.00,81.00,109.00,126.67,122.67,138.00,140.33,162.00
847,614.34,2519.27,26.67,73.33,69.67,98.67,102.67,119.00,131.67,145.33,148.00,154.33,177.00
848,614.43,2521.83,21.67,47.00,57.00,95.33,106.67,112.67,119.33,131.67,136.67,152.00,159.33
849,614.53,2524.39,23.67,44.00,64.33,88.33,108.67,114.67,116.00,126.33,137.33,142.67,157.33
850,614.63,2526.95,27.33,23.67,56.33,80.00,93.33,117.00,110.67,117.33,127.00,142.33,143.33
851,614.72,2529.50,26.00,32.33,65.00,69.67,83.00,119.33,110.33,122.00,133.33,137.00,145.67
852,614.82,2532.05,21.33,32.67,69.33,70.33,87.33,102.00,118.67,125.00,131.33,145.00,152.67
853,614.92,2534.60,20.00,46.67,68.33,56.00,82.33,96.00,117.67,111.33,120.33,139.00,153.00
854,615.01,2537.15,23.67,37.67,64.67,52.00,74.67,84.67,119.00,111.67,111.33,135.33,153.00
855,615.11,2539.70,37.00,43.33,62.67,53.67,79.00,105.33,118.33,107.00,113.33,136.00,153.67
856,615.20,2542.24,46.00,52.00,70.33,66.00,93.00,106.67,123.33,110.00,127.00,148.67,165.00
857,615.30,2544.79,46.33,61.00,70.33,65.00,93.00,100.33,118.33,115.00,142.33,141.00,160.00
858,615.40,2547.33,22.67,37.67,45.67,43.00,65.67,72.00,87.33,108.00,131.33,134.00,141.67
859,615.49,2549.86,1.33,22.67,28.00,35.67,44.00,49.33,82.33,96.00,121.33,107.33,111.33
860,615.59,2552.40,4.00,15.33,23.67,48.33,48.00,65.00,94.00,87.33,119.00,114.00,129.33
861,615.69,2554.94,8.00,28.00,30.00,58.33,62.00,75.33,111.67,97.67,114.00,106.33,134.33
862,615.78,2557.47,15.33,41.67,51.00,64.33,78.33,99.00,111.33,112.67,117.67,135.33,160.67
863,615.88,2560.00,21.00,53.67,56.00,70.00,86.67,100.67,95.33,124.67,120.67,152.33,161.33
864,615.97,2562.53,33.67,55.00,66.00,96.67,98.00,104.33,100.33,126.00,144.67,163.67,169.00
865,616.07,2565.06,31.67,35.67,55.67,78.67,87.33,82.33,100.00,131.67,139.00,143.00,148.33
866,616.17,2567.58,22.00,28.67,56.33,71.67,85.33,86.67,107.00,129.67,123.00,139.67,133.67
867,616.26,2570.11,28.33,36.33,62.67,57.67,79.00,97.67,104.67,122.00,104.33,147.33,135.00
868,616.36,2572.63,31.67,49.33,62.00,62.00,92.33,112.00,109.00,111.33,108.67,145.33,147.00
869,616.45,2575.15,37.00,55.67,63.33,57.00,97.33,107.00,107.67,114.00,121.67,134.33,159.67
870,616.55,2577.67,29.33,49.33,63.33,53.33,97.33,108.67,119.00,125.33,130.33,138.33,162.33
871,616.64,2580.19,23.00,40.67,67.00,43.00,89.67,106.33,115.33,122.67,126.67,143.33,153.33
872,616.74,2582.70,19.00,29.33,71.00,50.67,81.00,93.67,105.33,126.33,119.00,159.67,147.00
873,616.84,2585.21,14.00,36.67,70.33,55.67,82.33,91.00,102.67,134.00,125.33,157.00,143.00
874,616.93,2587.72,35.33,61.67,79.00,96.00,103.67,107.33,114.33,167.00,143.00,174.67,163.00
875,617.03,2590.23,24.00,59.00,70.00,83.33,103.33,107.33,116.67,158.00,140.33,164.33,161.67
876,617.12,2592.74,28.00,55.67,72.00,78.33,107.33,97.33,108.00,154.33,141.67,164.33,160.67
877,617.22,2595.24,25.67,38.33,52.00,50.67,87.33,72.00,93.67,120.33,121.33,149.33,139.33
878,617.31,2597.75,28.00,43.33,45.33,50.33,68.33,65.67,91.00,110.00,112.33,140.33,134.00
879,617.41,2600.25,24.00,44.33,46.67,61.67,58.00,77.00,96.00,106.00,102.33,130.33,130.00
880,617.50,2602.75,18.67,43.00,54.00,71.67,56.67,84.67,103.33,109.67,109.33,136.33,137.67
881,617.60,2605.25,29.00,49.33,61.67,84.67,76.00,103.67,113.67,127.67,118.33,145.33,149.33
882,617.69,2607.74,46.67,49.33,62.67,89.67,86.00,110.00,116.00,139.00,137.00,141.33,164.33
883,617.79,2610.24,44.33,49.33,68.00,87.33,90.00,119.00,115.00,140.33,142.67,131.33,169.33
884,617.88,2612.73,41.67,35.33,66.67,80.67,87.33,112.67,115.00,125.00,147.67,128.67,154.00
885,617.98,2615.22,17.67,32.67,58.00,73.00,81.00,100.00,107.33,110.00,136.33,131.00,137.67
886,618.07,2617.71,16.33,35.00,44.00,69.33,75.67,91.00,106.00,107.33,132.67,135.00,137.67
887,618.17,2620.19,15.00,48.00,50.67,74.67,74.33,84.67,98.33,115.00,136.67,140.33,141.67
888,618.26,2622.68,31.67,53.33,51.00,67.33,76.00,92.33,96.00,112.67,135.67,140.67,152.00
889,618.36,2625.16,15.33,44.67,49.67,52.00,68.67,84.67,79.67,104.00,120.33,124.00,142.00
890,618.45,2627.64,20.33,38.00,42.00,45.67,69.33,81.00,77.33,99.00,116.33,115.00,154.67
891,618.55,2630.12,7.33,20.00,27.67,48.00,56.33,56.67,65.67,89.67,95.67,97.00,143.00
892,618.64,2632.60,23.67,34.00,44.33,78.33,75.67,65.67,91.00,98.33,119.67,123.67,162.00
893,618.74,2635.08,21.33,43.00,52.00,79.67,84.00,77.00,100.00,96.00,123.67,132.67,150.67
894,618.83,2637.55,15.33,54.67,66.00,88.67,93.00,86.33,119.33,102.67,133.00,145.67,154.67
895,618.93,2640.02,-5.00,33.00,41.67,59.67,71.00,75.00,99.00,87.67,113.00,124.00,135.00
896,619.02,2642.49,-13.67,39.33,43.00,62.33,63.33,65.00,92.67,87.67,111.67,115.33,127.33
897,619.12,2644.96,7.67,56.67,55.67,62.00,75.67,86.33,98.67,105.00,131.67,124.00,143.67
898,619.21,2647.43,19.33,72.00,71.00,79.67,91.00,95.33,102.67,134.00,139.33,142.00,138.00
899,619.31,2649.89,23.00,40.33,55.67,71.67,77.00,81.33,91.00,132.67,131.67,134.33,136.67
900,619.40,2652.35,-1.00,16.67,41.67,58.00,58.33,62.33,82.33,114.00,116.67,121.67,111.33
901,619.50,2654.82,0.33,15.33,39.33,65.67,59.67,64.67,92.33,107.67,106.33,109.00,119.00
902,619.59,2657.27,16.67,35.67,40.67,76.00,82.67,87.33,110.00,111.33,106.33,109.00,133.00
903,619.68,2659.73,33.00,38.00,45.67,77.33,85.00,86.00,103.67,118.67,106.00,111.67,135.33
904,619.78,2662.19,34.00,29.00,40.33,66.00,65.67,78.33,82.00,107.33,113.67,105.00,136.33
905,619.87,2664.64,31.33,29.00,61.67,59.67,61.67,88.33,80.67,121.33,127.67,126.33,145.00
906,619.97,2667.09,45.33,46.67,69.33,68.67,70.67,105.67,94.67,134.33,140.67,144.00,164.33
907,620.06,2669.54,45.33,54.33,83.33,73.67,86.00,109.33,121.33,150.67,147.00,148.00,169.67
908,620.15,2671.99,40.33,59.33,72.00,84.33,88.67,104.33,124.00,136.67,144.67,146.67,157.33
909,620.25,2674.44,22.67,47.00,62.00,83.00,77.33,96.00,110.33,129.00,138.33,134.00,146.67
910,620.34,2676.88,34.33,53.67,63.33,82.00,81.33,92.67,106.67,120.33,141.00,140.67,146.67
911,620.44,2679.32,34.33,50.00,77.33,75.00,81.33,103.00,111.67,132.00,149.67,135.67,145.33
912,620.53,2681.76,38.00,42.00,72.33,61.00,89.00,95.33,111.33,125.67,144.33,135.67,147.00
913,620.63,2684.20,35.33,35.33,62.00,57.00,87.33,93.67,97.33,121.67,142.33,137.67,138.00
914,620.72,2686.64,24.00,31.33,46.67,48.33,73.33,72.00,78.33,110.00,133.33,122.67,146.67
915,620.81,2689.08,19.67,37.33,56.00,59.00,77.67,81.67,88.00,105.67,134.33,121.00,157.67
916,620.91,2691.51,16.00,40.00,67.67,66.67,74.00,89.33,98.33,118.67,136.33,125.00,166.67
917,621.00,2693.94,17.33,26.33,62.67,66.67,67.67,85.67,94.67,108.67,120.00,121.00,148.00
918,621.09,2696.37,18.00,14.00,58.33,50.67,64.33,79.67,87.67,107.67,115.33,112.33,132.00
919,621.19,2698.80,29.33,25.33,60.67,50.67,72.00,83.67,92.67,106.33,117.67,118.67,130.67
920,621.28,2701.22,30.67,44.33,71.00,58.33,87.33,95.00,106.67,106.33,120.33,132.67,142.00
921,621.37,2703.65,35.67,53.33,61.33,75.00,87.67,97.67,106.67,104.00,124.33,129.00,144.33
922,621.47,2706.07,19.00,36.33,47.67,72.33,81.33,87.33,99.00,82.33,121.67,119.00,136.67
923,621.56,2708.49,26.67,25.00,49.00,68.33,75.00,76.00,94.00,92.67,125.33,115.33,138.00
924,621.66,2710.91,47.00,37.67,67.33,81.00,78.67,85.33,107.67,107.67,131.33,152.00,147.00
925,621.75,2713.33,43.33,29.33,72.33,77.33,73.67,85.67,104.00,113.00,116.33,143.33,153.67
926,621.84,2715.74,40.67,32.67,65.67,76.00,76.00,93.00,110.00,106.33,110.00,144.33,152.00
927,621.94,2718.16,20.67,32.67,52.00,67.33,71.00,95.33,96.33,99.00,111.67,125.67,145.67
928,622.03,2720.57,22.00,40.33,48.00,74.67,83.67,102.67,100.00,107.67,115.33,133.00,139.00
929,622.12,2722.98,30.67,49.33,51.67,87.33,92.67,109.00,105.00,110.33,124.00,143.33,145.33
930,622.22,2725.39,12.67,40.33,60.33,90.67,88.67,98.00,103.67,102.67,118.67,135.33,133.67
931,622.31,2727.79,-4.00,18.67,46.33,71.67,62.00,71.33,83.33,82.33,101.00,118.67,122.33
932,622.40,2730.20,-11.33,12.33,44.00,66.67,54.33,74.00,76.00,79.67,97.33,109.67,113.67
933,622.49,2732.60,7.67,11.33,31.67,58.00,55.67,73.33,78.67,86.00,95.00,112.33,119.00
934,622.59,2735.00,26.67,36.67,52.33,72.00,72.33,102.00,97.67,103.67,126.67,126.33,128.00
935,622.68,2737.40,31.67,47.67,57.67,78.33,77.67,106.67,100.33,110.33,128.67,139.00,138.33
936,622.77,2739.80,20.33,52.67,62.67,79.67,72.67,100.33,101.67,115.33,119.67,146.67,137.00
937,622.87,2742.19,17.33,42.00,61.67,75.33,65.33,87.67,91.00,113.33,109.00,146.00,141.33
938,622.96,2744.59,12.33,33.67,62.67,64.00,64.00,69.00,89.67,129.67,112.00,132.00,136.00
939,623.05,2746.98,24.33,37.00,60.67,63.33,67.33,71.00,90.33,117.67,117.67,130.33,139.33
940,623.15,2749.37,38.67,52.67,55.00,70.33,78.33,80.33,102.33,118.33,115.67,132.33,145.00
941,623.24,2751.76,27.00,45.00,41.00,62.67,65.33,79.00,92.00,104.00,106.67,112.00,138.67
942,623.33,2754.14,30.00,45.33,48.00,63.33,81.00,87.33,87.33,106.00,112.33,107.33,144.33
943,623.42,2756.53,28.67,30.00,49.33,63.00,83.33,93.67,91.00,108.33,109.67,104.67,136.67
944,623.52,2758.91,37.67,31.00,54.33,70.33,86.00,101.33,91.00,95.67,114.67,118.67,143.00
945,623.61,2761.29,31.67,13.67,46.67,58.00,62.00,88.67,90.00,98.33,96.00,105.00,128.00
946,623.70,2763.67,9.00,18.33,32.67,48.00,53.33,63.33,73.67,84.67,96.33,116.67,130.67
947,623.79,2766.05,14.00,35.00,45.33,58.33,68.33,81.00,81.33,90.00,104.00,130.67,128.00
948,623.89,2768.42,11.33,37.33,46.67,64.33,82.33,77.67,78.67,88.67,114.00,142.00,140.33
949,623.98,2770.80,36.67,54.33,64.33,70.67,91.00,100.33,93.67,101.33,117.33,126.67,138.67
950,624.07,2773.17,37.00,45.67,64.67,55.67,91.33,90.33,96.33,101.33,121.33,128.00,145.33
951,624.16,2775.54,34.33,50.67,59.00,53.33,80.00,100.00,90.00,100.67,118.67,119.00,131.67
952,624.26,2777.91,27.00,42.00,59.33,60.00,68.67,106.67,82.67,99.67,111.33,121.67,129.67
953,624.35,2780.27,16.00,50.00,45.67,59.33,52.67,99.67,82.00,96.33,96.67,117.33,118.67
954,624.44,2782.64,29.00,56.33,73.00,81.00,74.00,103.33,113.67,103.33,115.67,142.67,132.00
955,624.53,2785.00,24.67,48.33,59.67,75.33,71.00,83.67,115.67,98.67,121.67,140.67,133.67
956,624.62,2787.36,41.67,54.00,66.67,93.67,92.00,99.33,122.33,112.00,128.67,148.67,136.67
957,624.72,2789.72,31.33,46.33,48.67,72.00,89.67,99.33,109.67,112.00,126.33,132.33,137.33
958,624.81,2792.08,31.67,55.33,55.33,54.67,99.00,111.33,106.33,108.67,125.33,130.33,139.33
959,624.90,2794.44,29.33,44.00,55.67,57.33,96.33,90.00,105.33,111.33,138.00,111.67,144.67
960,624.99,2796.79,29.33,45.33,63.33,65.00,91.00,99.00,92.67,108.67,140.33,116.67,154.67
961,625.08,2799.14,24.67,38.33,64.00,85.67,101.67,95.67,107.00,115.67,141.00,121.00,161.33
962,625.18,2801.49,27.00,44.00,70.33,79.33,91.67,107.00,107.00,117.00,136.00,129.67,164.00
963,625.27,2803.84,31.33,53.67,63.33,72.33,83.67,93.67,112.67,120.33,128.00,132.67,158.33
964,625.36,2806.19,35.00,57.33,66.67,68.33,78.33,90.67,94.00,123.67,120.00,128.67,151.67
965,625.45,2808.53,9.67,38.00,52.67,51.67,67.00,70.67,89.00,98.33,101.00,118.67,128.67
966,625.54,2810.88,15.33,24.33,57.00,54.67,76.33,73.67,93.33,96.33,96.33,113.00,121.33
967,625.63,2813.22,24.33,23.33,55.00,51.33,73.00,81.67,95.67,95.67,113.00,118.33,114.00
968,625.73,2815.56,45.67,26.67,61.00,55.00,90.33,104.00,96.67,110.67,133.00,120.67,136.67
969,625.82,2817.90,25.33,33.00,54.67,58.67,76.33,97.67,95.33,103.00,127.67,120.67,135.33
970,625.91,2820.23,27.67,50.33,61.67,70.67,72.00,96.00,102.33,107.33,123.67,119.00,141.33
971,626.00,2822.57,20.33,58.33,53.00,71.00,57.00,83.67,95.00,105.00,106.33,110.33,130.33
972,626.09,2824.90,21.67,53.33,48.00,59.67,60.67,85.00,83.67,103.67,105.33,106.33,124.67
973,626.18,2827.23,14.00,34.33,39.33,47.00,62.00,71.00,80.00,88.67,102.67,102.33,121.00
974,626.27,2829.56,2.67,26.67,30.67,53.33,53.33,57.00,76.67,87.33,102.67,110.00,115.67
975,626.37,2831.89,20.67,31.33,36.67,70.00,58.67,52.00,94.67,85.00,104.00,114.00,116.67
976,626.46,2834.21,15.33,28.67,36.67,70.00,59.67,57.00,92.00,95.00,102.67,120.33,115.33
977,626.55,2836.54,19.00,28.67,39.00,66.00,72.00,64.67,83.67,95.00,96.33,122.67,110.33
978,626.64,2838.86,19.00,25.67,42.00,64.67,68.33,74.67,64.67,98.67,101.33,117.67,109.00
979,626.73,2841.18,16.67,24.33,35.67,61.00,55.67,71.00,68.67,88.67,99.00,111.67,104.00
980,626.82,2843.50,27.00,34.67,53.67,60.00,65.00,82.33,79.00,88.67,110.33,120.67,123.00
981,626.91,2845.82,16.67,34.33,47.67,41.00,59.00,73.33,78.67,85.00,104.00,124.33,121.67
982,627.00,2848.13,11.67,37.00,42.67,43.67,59.33,68.33,88.67,80.00,97.67,125.67,123.00
983,627.09,2850.44,23.00,39.33,43.67,49.67,61.67,68.33,95.00,94.00,94.00,132.00,125.67
984,627.19,2852.76,36.67,41.67,54.67,62.00,82.67,73.33,92.33,95.00,96.33,122.00,121.67
985,627.28,2855.07,51.67,63.33,72.33,60.67,106.33,84.67,87.33,103.67,112.67,125.67,136.67
986,627.37,2857.37,36.33,50.67,71.00,59.33,88.67,77.00,74.67,92.33,108.67,110.33,126.33
987,627.46,2859.68,26.33,53.33,60.00,60.67,81.00,77.33,94.00,93.67,116.33,124.00,135.33
988,627.55,2861.98,26.67,43.00,55.00,79.67,75.00,74.67,101.67,99.00,116.33,139.00,138.00
989,627.64,2864.29,26.67,50.33,66.33,83.33,97.67,81.00,115.33,103.67,114.33,144.00,139.33
990,627.73,2866.59,29.33,48.00,74.67,86.00,95.00,83.33,112.67,111.33,112.00,146.67,142.00
991,627.82,2868.89,24.00,46.67,84.67,68.00,86.00,84.67,94.67,105.33,103.00,141.67,135.33
992,627.91,2871.19,29.33,44.33,68.33,54.33,69.67,72.00,78.33,98.00,121.67,133.00,134.00
993,628.00,2873.48,27.00,29.33,54.67,42.00,65.00,59.67,64.67,84.33,119.33,106.67,129.00
994,628.09,2875.77,33.33,25.67,46.00,46.00,62.67,44.67,61.00,81.33,123.33,90.33,120.33
995,628.18,2878.07,34.33,23.00,40.67,57.33,73.67,51.00,78.67,82.33,106.67,90.00,122.67
996,628.27,2880.36,41.67,46.67,52.00,74.67,88.67,59.67,89.67,92.00,107.67,120.00,128.67
997,628.36,2882.65,41.67,50.67,54.33,74.67,88.67,82.33,91.00,101.00,107.67,126.33,130.00
998,628.45,2884.93,34.33,57.33,59.67,73.67,72.67,82.33,87.33,107.67,116.67,124.00,130.33
999,628.54,2887.22,34.33,48.33,70.67,59.67,61.00,91.00,83.67,115.33,124.00,119.00,136.67
1000,628.63,2889.50,40.67,48.00,70.67,68.33,60.67,92.33,100.00,121.67,125.33,122.67,148.00
1001,628.72,2891.78,30.33,33.67,58.00,51.67,50.33,89.67,92.33,106.33,115.00,123.67,130.00
1002,628.81,2894.06,17.67,30.33,50.67,55.67,55.67,79.67,86.00,91.33,106.33,118.67,120.00
1003,628.91,2896.34,1.00,24.00,34.67,45.67,59.33,74.33,72.67,79.67,106.00,113.67,113.67
1004,629.00,2898.62,15.00,35.67,39.67,55.67,65.67,82.00,76.33,88.67,120.00,116.33,131.67
1005,629.09,2900.89,17.00,33.67,26.67,55.00,60.00,80.33,81.00,94.33,120.67,113.33,136.33
1006,629.18,2903.17,28.67,30.00,28.67,58.67,51.33,73.00,85.33,95.67,119.67,115.67,137.67
1007,629.27,2905.44,27.33,23.67,35.00,57.67,60.33,65.67,88.00,94.33,109.67,119.67,132.67
1008,629.35,2907.71,28.00,29.33,42.00,57.33,63.67,62.33,88.67,94.00,109.33,119.00,123.33
1009,629.44,2909.97,17.67,35.33,49.00,44.67,61.00,69.67,85.00,90.00,99.00,106.33,119.33
1010,629.53,2912.24,18.67,35.00,46.33,38.00,64.67,70.67,71.00,88.67,101.33,98.67,120.33
1011,629.62,2914.50,19.33,36.00,47.33,41.33,58.00,77.00,75.67,102.33,103.67,101.00,132.67
1012,629.71,2916.77,29.67,36.33,55.67,52.67,77.00,79.67,78.33,115.33,106.33,115.00,131.67
1013,629.80,2919.03,37.67,40.33,59.67,61.67,80.67,81.00,92.33,121.67,103.33,118.67,130.67
1014,629.89,2921.29,34.33,33.00,40.67,59.33,74.33,70.67,85.00,101.33,98.00,108.67,130.67
1015,629.98,2923.54,40.00,38.00,52.00,57.00,73.00,66.67,93.67,101.00,100.33,108.67,134.33
1016,630.07,2925.80,29.67,38.00,48.00,60.67,70.33,70.33,89.67,99.67,102.00,115.00,139.00
1017,630.16,2928.05,26.00,41.67,67.67,62.00,75.67,87.00,96.00,110.00,94.67,121.33,138.00
1018,630.25,2930.31,19.00,27.67,52.33,69.00,77.33,82.33,86.00,112.67,97.33,110.00,134.33
1019,630.34,2932.56,25.67,33.00,60.33,63.00,76.33,89.00,90.33,106.67,101.33,105.33,142.33
1020,630.43,2934.80,33.00,29.33,50.67,57.67,71.00,82.67,85.00,114.00,105.00,101.33,133.00
1021,630.52,2937.05,42.00,39.67,60.33,57.00,68.33,99.00,99.00,111.67,111.33,107.67,144.33
1022,630.61,2939.30,31.00,32.00,42.33,57.00,58.33,81.00,98.67,104.00,97.33,102.33,115.00
1023,630.70,2941.54,2.00,27.00,15.00,46.00,46.00,49.00,91.00,65.00,72.00,95.00,72.00
