Temperature,18,30,50,75,100,125,150,175,200,225,250,275,300,325,350
Wavelength,Spectrum,Spectrum,Spectrum,Spectrum,Spectrum,Spectrum,Spectrum,Spectrum,Spectrum,Spectrum,Spectrum,Spectrum,Spectrum,Spectrum,Spectrum
519.44,38,23,27,4,23,35,31,12,-11,31,10,19,27,35,12
519.57,24,14,12.67,14,21.67,20.67,30.67,23,7.67,23,9.67,22.67,22.67,34.67,23
519.69,6.33,3.67,-0.33,6.33,16.33,2.67,14,12.67,3.67,-2.67,5,11.33,3.33,7.67,12.67
519.82,1.33,3.67,4.67,7.67,15,-8.67,5,2.67,2.33,-7.67,6.33,3.67,-9,-2.67,6.33
519.95,4,8.67,7.33,9,21.33,6.67,14,4,8.67,-7.33,7.67,9,-1.33,1,4
520.07,4,6.33,7.67,11.67,17.67,14.33,15.33,5.33,27.67,10.67,10.33,12.67,9,11.33,5.33
520.2,-1,-3.67,-3.67,-2,11.33,13,8,6.67,25.33,11.67,-1,2.67,5,6.33,-1.67
520.32,-2.67,-19,-10,-16.33,-5.33,4,-1,4,22.67,16.33,-11.33,-9,-5.33,2.33,-12
520.45,5,-14,-3.67,1.33,5.67,9,2.67,17.33,21.33,12.33,-5,3.67,-9,8.67,3
520.57,14,-0.67,7.67,9,13.33,17.67,9,18.67,16.33,17.67,2.67,12.67,-9,12.67,25
520.7,2.67,0.67,1.33,2.67,13.33,7.33,3.67,9.67,14,-6.33,-1,3.67,-9,2.67,37.67
520.82,5,0.67,-1.33,-16,3.67,-4.33,3.67,3.67,2.67,-7.67,-6.33,-2.67,3.33,10,28.67
520.95,-2.67,-3.67,-3.67,-13.67,2.67,-11.67,1,-1,0,-9,0,-8.33,20,10,10
521.07,-10.33,4,10,-6,9,-1.33,2.33,16.67,-1.33,0.33,3.67,7,24,12.67,-5.33
521.2,-21.67,2.67,12.67,-2.67,10.33,9,6.33,17,-6.33,9.33,5,4.67,20.33,6.67,0
521.32,-6.67,10,16.33,13.67,14.33,32.67,22.67,32.67,16.33,16.67,14.67,15,23.67,19,13.67
521.45,12.33,20,17.67,27.67,14.33,41.33,43,32.67,15,28.67,33.67,25,28.67,32.67,31.33
521.57,10,26.33,12.67,24,7.33,36.33,43,36.33,22.67,22.33,35,22.33,21.33,35,25
521.7,12.67,18.67,6.33,4,-2,17.67,29.33,15,15.33,11,26.33,16.33,15.33,23.67,12.33
521.82,1.33,5.33,-1.33,-3.67,-9.67,0,6.67,-7.67,6.33,5,12.33,1.33,10.33,17.33,0
521.95,7.33,3,-2.67,-2.33,-2.67,-10,-2.33,-11.33,-1.33,-2.67,4.67,-6.33,15.33,11,-2.67
522.07,3.33,10.67,-4,11.33,-0.33,2.33,2.33,5,6,8.67,-0.33,-6.33,19,14.67,10
522.2,11.33,18,2.67,15.33,16.33,16.33,9.33,26.67,21.67,12.67,3.67,-3.67,15.33,25,19
522.32,19,29.33,12.67,30.33,21.33,28.67,24.33,32.67,29.33,23.33,12.67,7.67,16.33,37.67,29.67
522.45,9,14.67,15,21.33,19,21,11.67,30,12.67,23.33,12.67,15,5,21.33,24.33
522.57,10,12,7.33,22.33,8.67,16,18.33,26,11,19.33,19,19.67,16.33,4.67,26.67
522.7,7.67,7,13.67,15,3.67,29,22.33,25,23.67,35.33,31.67,23.67,23,12.33,35.33
522.82,1.33,9,15,6.33,-4.67,19,20,17.67,25,10,25.33,10,19,15,26.67
522.95,4,2.67,22.67,-1,0.67,24.33,10.33,18,15.33,10,21.67,8,10.33,21.67,30.67
523.07,19,11.33,22.67,1.33,9.33,26.67,14,29.33,15.33,13.67,18.67,15.67,24,19.67,28
523.2,25.33,14,12.67,15.33,19,35.67,28,34.33,19.33,29,25,24.67,32,35,35.67
523.32,17.67,15.33,12.67,19,11.33,33,33,31.67,21.67,24,16,19.33,35.67,44,20.33
523.45,10,7.67,13.67,24,22.67,29,30.33,29,19,17.67,12.67,19,30.67,44.67,21.33
523.57,21.67,5,26.67,26.67,19,30.33,35.33,26.67,16.67,28,20.33,22.67,34.33,35.67,21.33
523.7,30.67,8,31.67,37,23.33,31.33,39,36.67,26.67,35.67,30.33,39,45.67,34.67,36.67
523.82,25.67,-2,33.33,30.67,14.67,16.33,25.33,29.33,20.33,23,34,24,30.33,15.67,23
523.95,24.33,19.67,32,24.33,28.67,15,20.33,33,20.33,14,34,29,28,19.67,27
524.07,24.33,28,32,23,36,10.33,18,25.67,20.67,16,35.67,21.67,6.67,15.67,17
524.19,33.33,38,24.33,23,26,19.33,20.67,35.67,24.67,16,27,30.67,9.33,28.33,23.33
524.32,33,26.33,30.33,32.67,19.33,21.67,20.33,35.67,28,21,21.67,26.67,6.33,25.33,20.33
524.44,30.33,18.67,24,28.67,5,27.67,17.67,26.67,22.67,7.33,16.33,26.33,16.33,22.33,30
524.57,30.33,15,30.33,23.67,5,22.67,19,1.33,18.67,9.33,10,20,20.33,25,26.33
524.69,33,16.33,30.67,24,9,23,24.33,12.67,19,15.67,16.67,24,34.67,27.67,34.33
524.82,29,16.33,21.67,16.33,15.33,9,23,6,11.33,22,7.67,15.33,34.33,26.33,25.67
524.94,29,12,31.67,30.33,33.33,20.33,29,25,16.33,31.33,7.67,24.67,40.33,22.33,24
525.06,19,9.67,27.67,22.67,34.67,19,22.67,7.33,17.67,18.67,15.33,22.33,31.33,21.33,15
525.19,18,6,35.33,24,37.33,25.33,20,10,21.33,18.67,26.67,31,29,24,15
525.31,0.33,-7.33,3.67,-2.67,16.67,-2.67,8.67,-7.67,5,-2.67,26.67,11.33,9,2.67,7.67
525.44,1.67,-8.67,0,2.33,9,-6.33,5,0,7.33,5,17.67,3.67,9,-1.33,5.33
525.56,-3.67,-2.33,-10,0,-1.33,-8.67,0,5,6.33,7.67,14,-5,6.33,-7.67,2.67
525.69,5,21.67,6.67,25.33,1.33,13,11,10,14,19,19,7.67,20.33,5,12.67
525.81,0,24.33,6.67,11.67,6.33,19.33,1,7.67,4,10.33,17.67,6.33,23,12.67,19
525.93,6.33,14,15.33,10.33,9,20.33,10,6.67,12.67,1.33,21.33,12,19.33,12.67,12.67
526.06,14,5,5,-7.33,17.67,21.33,10.33,18,15,6.33,25,17,16.67,24,14
526.18,7.33,1,-2.67,2.67,5,4.67,17.67,10,1,2.33,8.67,6.67,7.67,8.67,-2.67
526.31,9,15,-2.33,16.67,23,20,17.67,20,1.33,21.67,16.67,21.33,32,9,14
526.43,-7.67,6.33,-8.67,20.33,-6,8.67,3.67,4.67,-5,14,9,17.67,26.67,-5,10
526.55,8.67,20.33,9,21.33,4,31.33,10,21.33,16.33,32.33,39.33,36.67,26.67,6.33,36.67
526.68,14.67,21.67,7.33,12.33,-7.67,17.33,6,15,13.33,29.33,25,25,11,7.33,34
526.8,17.33,33,26.33,23.67,22.67,26.33,13.67,20.33,27.33,25.67,29.67,27.33,10,17.33,34.67
526.93,20,28,20,29,28,17.67,26.33,15.33,35.33,22.67,27,40.33,22.67,40.33,33.33
527.05,16.33,23,35.33,40.67,35,33,36.67,19.33,34.33,19.33,35,49.33,33,52,36
527.17,30.33,14.33,17.67,30.67,31.33,33,34.33,20.67,30.67,23.33,34.33,39.33,39.33,51,45.67
527.3,31.67,24.33,26.67,30.67,40,35.67,25.67,37,35.67,28.33,27,39.33,39.33,46,39.33
527.42,26.67,23,18,17.67,36.33,21.67,23,31.67,39.33,24.33,33,24.33,33,33,31.67
527.55,21.33,32.67,37,30.33,36,25.33,25.33,34,44.33,34.33,48,38.33,36.67,27.67,27.67
527.67,2.33,20,21.67,20,26,16.33,17.67,2.33,26.33,22.67,47.67,18,17.67,16,30.33
527.79,25,31.33,30.33,36.33,35.33,30.33,32.67,21.33,40.33,36.33,47.67,33,27.67,31.33,45.33
527.92,21.67,31.67,29,32.67,38,28,31.67,26.67,34,31.33,43,26.67,24,44.33,43
528.04,57,26.67,39,36.67,38,36.67,38,40.67,38,46.67,44.33,40.33,40.33,54.67,44
528.16,38,14,32.67,20.33,25.33,30.33,20.67,28,23,33,34.33,35.33,26.67,45.67,29
528.29,43,16.67,27.67,19,16.67,29,13,25.33,25.67,30.67,24,40.67,19,35.67,33
528.41,14,16.33,21.33,13.67,3.67,22.67,10.33,15,20.33,15.33,17.67,33,10,24,21.67
528.53,20.33,25,25,29,7.33,26.33,11.33,10,21.33,22.67,22.67,33,16,26.67,34.33
528.66,29,26,35,46.67,14.67,49,31.33,16,27.33,27.33,37.67,37.67,36,35,40.33
528.78,51.67,45.33,51.67,58.33,34,56.67,45.33,42.67,35,36.33,50.33,39,51.33,50.33,50.67
528.9,51.67,44.33,49.33,50.67,27.67,59.33,44,44,37.67,43,49,36.33,51.67,56.67,43
529.03,32.67,43,40.67,29,22.67,44.33,31,38,36.67,47,41.67,28.67,41.67,50.67,41.67
529.15,24,40.67,42,45.67,25.33,45.67,22.33,23,39.33,56,45.67,33.33,36.67,35.67,41.67
529.27,38,44.67,54.67,54.67,47,33,35.33,30.67,43.33,56.67,53.33,50,40.33,27,52
529.4,52,47.33,59.67,67.67,54.67,50.67,50.33,37,51,60.33,54.67,56.67,50.67,43.33,56
529.52,48,39.33,47,56,44.33,62,51.33,35.67,52.33,48.67,48.33,58.33,53.33,57,49.67
529.64,38,44.33,44.33,53.33,35.67,72,50,35.67,58.33,49.33,47,50.67,53.33,63,48.33
529.77,50.67,62,45.67,72.33,49.67,63.33,54.67,42,67,60.33,57,53,77.33,65.67,53.33
529.89,81,83,69.33,78.67,76,68.33,59.67,72.33,77,87,73.33,64.33,92.33,72,76
530.01,73.33,61.33,58,64.67,73.33,62,49.33,72.33,68.33,75.33,77.33,55.33,82.33,59.33,64.33
530.14,68.33,51.33,66.67,53,60.67,56.67,39,71,52,73.33,71,63.67,49.33,46.67,53
530.26,58.33,40.33,65.33,55.33,54.33,53,50.33,50.67,55.67,64.33,59.33,58.67,44.33,39,44
530.38,64.33,58,76.67,70.67,54.33,63,59.33,45.33,58,73.33,61.67,57.33,56.67,53,46.67
530.51,76.67,73,84.33,74.33,64.33,74.33,77,60.33,74.33,72,73,64,74.33,71.67,61.67
530.63,71.67,78.33,70.67,70.67,50.33,55.33,67,70.33,60.33,73.33,60.33,55,73,66.67,55.33
530.75,86,83.67,76,77,54.33,59.33,73.33,87,70.67,71,64.33,71.67,72,72,68
530.88,90,68.33,79.67,75.67,62,63,73.33,73,63,77.33,56.67,68,59.33,64.67,64.33
531,91.33,73.33,98.67,82,89,83.33,82.33,75.67,91.33,78.67,76,83,55.67,77.67,77.33
531.12,77.33,63,83.33,64.33,88.67,74.67,74.67,69.33,82.33,76,58.33,65.33,46.67,72.33,62.33
531.24,68.33,65.67,75.67,68.33,70,64.67,62,63,74.67,58,50.67,54,53,66,51
531.37,55.67,55.67,49.33,59.67,48.33,50.67,49.33,46.67,62,41.67,41.67,50.67,48,62,43.33
531.49,66,52,55.67,71,47.33,47,42,44.33,62.33,40.33,51.67,57,49.67,52,51
531.61,38.33,30.33,33,43,38,23,24.33,37,56,34,32.67,44.33,16.67,34,37
531.74,36,14,35.33,26.67,28,19.33,19.33,24.33,34.33,21.33,21.33,26.67,-2.33,17.67,28
531.86,-1,-4,17.33,0,7.33,5,11.33,14,20,16,5.33,16.33,-14,10,16.33
531.98,10.67,2.67,19,5.33,11.33,18,20.33,14,17.67,24,12,26.67,2.67,20.67,31.67
532.1,7.67,2.33,12.67,20.33,12.33,19,30.33,16.33,24,22.67,13.33,38,12.67,24.33,29
532.23,38,29,23,49.33,31.33,41.67,45.67,23.67,35.33,35.33,31.67,53,31.33,34.33,36.33
532.35,39,38,31.67,60.67,53,40.33,55.67,34,44.33,44,41.67,61.67,46.67,38,41.33
532.47,54.33,55.67,52,65.67,74.67,50.67,50.33,59.33,48,73,53,65.33,58,54.33,51.67
532.59,67,73.33,72.33,69.67,92.67,56,56.67,72,55.67,83.33,65.67,75.67,68.33,69.67,67.67
532.72,82.33,88.33,85,95,82.33,80,79.67,78,64.33,84.67,83.33,73.33,77,74.67,77.67
532.84,73.67,90,76,91.33,72.33,85,87.67,66.67,70.67,72.33,84.67,71,84.67,71,75.67
532.96,71.33,90,81,102.67,73.67,96.33,89,68.33,82.33,77.33,97.67,68.67,95,85,79
533.08,76,83.33,88.33,91,85,91,66,76,87.33,82.33,101.33,77.33,95,95,81.33
533.21,99.67,93,101,99.67,88.67,91,71.33,93.67,91,92.33,102.33,88.67,98.67,98.67,89.67
533.33,107,100.67,103.67,92,93.67,92.33,80,106,89.67,90,87,95,97.33,84.67,88.33
533.45,97,95.67,92.33,75.67,87.33,86,83.67,90.67,80.67,76,73,81,87,80.67,78.33
533.57,96,96,83.67,77,91.33,87.33,79.67,77,79.67,78.67,74.67,67.33,79.67,84.67,86
533.7,112.67,103.67,87.33,93.67,87,97.33,91.33,71,101,87.33,86,68.67,92.33,107.33,103.67
533.82,111.33,120.33,96.33,109,97,116.33,107.33,86.33,115,107.67,88.67,87.67,111.67,112.67,103.67
533.94,110,121.67,115.33,118,114.67,125,121,101.33,130,119,103.67,116.67,130.67,114,106
534.06,93.67,100.33,110.33,109,116.67,111.33,102,92.33,105,123,83.67,111.67,111.67,94,86
534.18,114.33,99.67,114.33,113,117.67,92.67,100.33,101.33,94,111.67,82.67,105.67,97.67,86.33,97.67
534.31,113,108.33,115.33,100,108.67,101.67,101.33,97.33,85,110,86.33,92.67,91,83.67,95
534.43,125.67,119.67,128,109,115,113,110.33,122.67,97.67,102.33,104,106.67,103.67,96.33,102.67
534.55,110.33,115.33,119,105,108,132,106.33,112.67,109,103.67,118,105.33,115.33,106.67,109
534.67,118,117.67,114,110,105.33,126.67,98.67,115.33,106.67,100,107.67,104,121.67,101.33,110.33
534.79,101.33,112.67,94,96,97.67,111.67,84.67,102.67,101.67,96.33,90,97.67,108,95,105.33
534.92,110,115,94,85.67,103.67,97.33,80.67,112.67,107.67,104.33,86.67,109,108.33,89.67,101.33
535.04,96,111.33,82.67,77,91,86,68.33,110,104,101.67,85.67,101.67,98.33,88.67,93.67
535.16,92.33,108.67,75,77,73.33,82,70.67,100,96.33,90.33,89.33,95,89.33,76,89.67
535.28,89.33,104.33,73,98,54,85.33,77.67,90.33,84.33,83,83,79,81.67,87,79
535.4,89.33,90.67,80.67,102,55.33,81.67,84,84.33,90.67,75.67,80.67,81.67,74.33,92,79.33
535.53,93,83,84.33,105.67,65.33,76.67,88.67,88,94.33,76.67,76.67,92,87,99.33,70.33
535.65,96,81.67,85,89.67,77,74.67,88,84.67,98.67,78.33,88.67,96.33,82.67,82,78.33
535.77,88.67,74,82.33,83.33,79.67,76,93,74.33,92.33,83.33,76,98.67,82.33,79.67,73
535.89,71,65.33,76,68.33,74.67,68.33,79.67,58,79.67,86,68.67,74.67,52.67,73.67,80.67
536.01,58.33,62.33,71,63.67,72.33,61,69.67,50.67,68.67,76,56,62.33,40,66.33,65
536.14,63.33,59.67,64.67,75,67.33,62.33,61,68.67,72.33,75,64.67,57.33,45.33,56.67,62.67
536.26,61,59.67,57,82.67,63,63.67,57.33,67.33,64.67,72.67,79.67,59.67,61,56.67,47.67
536.38,61,48.33,55.67,73.67,50.33,56,49.67,72.33,68.33,68.67,80.67,70.67,66,59,49.67
536.5,59.67,61.33,66,66,55.33,58.67,48.33,59.67,62.33,68.67,87.33,69.67,64.67,66,56
536.62,67,62.33,66,55.67,62,49.67,62,68.33,62.33,59.33,82.33,68.33,59.33,63.33,60.67
536.74,68.33,73.67,73.67,72.33,74.67,65,71,66,65,69.67,82.67,63.67,62,68.67,64.67
536.86,70.67,69.33,65.67,83.67,77,59.67,89.67,63.33,72.33,69.33,78.33,65.67,67,78.67,79.67
536.99,80.67,85,83.33,101.33,78.33,74.67,100.33,68.33,97.67,83.33,79.33,77,96.33,93.67,91
537.11,70.67,75,64.33,98.67,63.33,68,91.67,64.33,87.33,69.33,70.33,68,90,87.33,83.33
537.23,60.67,79.67,62,92.33,58.33,70.33,71.67,74.33,87.33,69.33,64.67,67,93.67,76,68
537.35,62,71.67,63.33,79.67,53.33,70.33,56,69.33,65.67,63,65,69.67,69.67,66,65.67
537.47,68.33,76.67,77.33,62,71,75.67,56.33,73.33,67,72,61.33,85,81,66,79.67
537.59,67.33,58.33,72.33,53.33,64.67,64.67,56.33,64.67,49.33,57,67.33,80,54.67,53.33,65.33
537.71,57,53.67,55.67,52,63,58.33,53.67,64.67,54.33,57,57,54.67,52,46.67,59
537.84,57,42.33,49.33,67.33,56.67,43,62.67,55.67,53.33,50.67,71,49.67,48.33,48,57.67
537.96,58,55,49.33,74.67,63,56.67,65,60.67,63.33,64.33,71.67,52,67,62,74.67
538.08,62,63.33,60.67,81,67,70.67,75,59.33,68.33,70.67,83,71,74.67,78.67,82.33
538.2,55.67,68.33,60.67,67,63.33,72,71.33,73.33,65.67,77,77.33,63.33,72,74.67,73.33
538.32,59.33,59.33,59.33,50.67,58.33,60.67,66.33,53,59.33,67,66.33,61,55.67,69.67,69.67
538.44,56.67,59.33,63.33,48.33,57,63.33,75.33,54.33,59.33,63.33,61.33,61,44,55.67,72
538.56,74.33,73.33,68.33,68.33,56.67,63.33,79.67,56.67,65.67,55.67,67,69.67,37.67,67,75.67
538.68,82,88.67,83.67,87.33,69.33,79.67,101.33,83.33,84.67,60.67,82.33,83.33,55.33,83.33,83.33
538.81,87,95,92.33,92.33,83.33,80.67,100,107.33,93.67,67,91.33,94.67,77,84.67,86
538.93,75.67,86,92.33,87.33,92.33,84.33,101.33,103.67,96,78.33,87.33,103,91,83.33,88.67
539.05,79.33,88.33,87,92.33,87.67,79.33,95,101,87,84,96,105.67,96,74.33,87.33
539.17,97.33,90,81,96.33,90.33,78.33,86.33,87.33,78.33,93,105,103.33,96.33,83.33,95
539.29,113.67,101.33,95,105.33,89,98.67,87.67,96.33,95,100.67,115.33,97.67,96.33,83.33,101.33
539.41,103.67,97.67,100,99,86,93.67,85,111.67,91.33,101.33,99,96.33,85,87.33,96
539.53,95,95,104,99,85,97.67,100.33,118,97.67,91.33,96.33,95,73.67,95.67,91
539.65,82.67,85,101.33,90,92.67,84,91.33,109,76,86.33,85,91.33,71.33,101,84.67
539.77,98,96.67,106.67,95.33,100.33,96.67,95.33,96.33,85,86.67,92.67,89,91.33,98.67,91.33
539.89,101.67,91.67,96.33,99,100,91.33,83.67,85,82.33,89,85.67,87.67,95,95.33,91.33
540.01,120.33,103,105,110.33,103.67,103.67,91.33,90,103.67,94,107.67,92.67,99.67,105.33,106.33
540.13,105,86.33,102.33,96,97.33,89.67,83.67,77.33,103.67,89.33,97.33,86.33,77.33,97.33,96
540.26,103.67,93.67,106,96,94.67,98.33,87.33,77,115,88,98.33,87.33,81,91,101
540.38,99.67,108.67,106,107.33,104.67,106,103.67,82,130.33,91.67,95,99.67,96.33,99.67,111.33
540.5,110,117.33,97.33,112.67,111,116.33,108.67,88.33,122.67,92.33,99,97,109,106,114
540.62,108.67,118.67,97.33,105,116.33,113,111.33,105,119,95,108.33,97.33,113,107.33,111.67
540.74,108.67,112.33,89.67,98.67,117.67,118,106,108.67,93.67,93.67,108.33,92.33,97.67,88.33,104
540.86,118,122,109.33,108,134.67,140,111.67,124.33,105.67,114.67,126.67,104.33,95.67,96.67,122.33
540.98,115.33,119.33,116.67,114.33,125,135.67,109,109,95.33,113,120.67,109,90.33,89,122
541.1,117,119.67,122,112,117.67,138.33,114.33,108,113.33,116,118.33,101.67,108.33,109.33,112
541.22,110.33,111.67,107.33,106.33,95.67,116.33,116.33,103.67,107.67,99,101.33,93.67,105.33,109,100
541.34,99,92.67,79.67,84.67,71,100,86,84.67,85,79,85,70,81.33,101.33,82.33
541.46,73.33,90,64.33,79.33,60.67,70.67,70,75.67,65.67,71,79.67,78.67,74.67,79,83.33
541.58,65.33,79.67,61.67,62.67,56.67,61.67,59.67,54,64.33,67,74.33,73.33,69.33,73.67,74.33
541.7,70.67,90,72,60.33,81.33,68.33,78.67,72,84.67,96,77,88.33,79.33,80,84.67
541.82,87.33,82.33,77.33,54.33,84,76,74.33,66,95,97.33,85,74.67,67,76,83.67
541.94,90,72,71,58.33,76.33,76,71.33,75,87.33,102.33,91.33,57,68.33,75.33,86.33
542.06,96.33,88.33,95,78.67,76,93.67,86.67,85,102,106.33,107.67,63.33,90,85.67,96.33
542.18,92.67,91,88.67,83.67,72.33,87.33,90.67,87.33,89.33,100.67,89.67,69.67,86,85.67,88.67
542.3,92.67,103.67,95,96.33,80,96.33,100,91,94.33,91.67,97.33,92.33,88.67,78.67,88.67
542.42,87.67,83.67,69.67,91.33,71,88.67,86,81,77.33,74,84.67,86.33,78.67,71,83
542.54,92.67,83.67,84.67,92.33,65.67,102.67,94.67,82.33,82.33,81,89.67,92.33,91.33,78.33,85.33
542.66,92.67,92.67,80,91.33,67.33,95,86,76.33,79,90,78.67,87.67,102.67,78.67,76.67
542.78,87.33,91,76,88.67,69.67,84.67,78.33,72.33,73.67,87.33,67.33,71,96,72.33,53.33
542.9,83.33,79.33,68.33,75,71.67,65.67,65.67,62,62.33,86,59.67,57,75.67,66,53.33
543.02,87,73,63,71,75,65.67,75,70.67,69.67,79.67,66.33,60.67,64.33,74.67,62
543.14,97.33,84.67,82.33,71,84,75,88.67,74.67,73.67,92.33,79,79.67,79.33,76,92.33
543.26,100,92.33,74.67,81,83.33,82.67,85,82.33,74.67,84.67,74.67,81,83.33,72.33,81
543.38,99,100,76,73.33,81,87.67,74.33,69.67,62,98.67,62.67,78.33,77,71,82.33
543.5,86,87.33,55.67,72,67,79.67,62,62,61.67,84.67,58.67,72,53.33,69.67,57
543.62,69.67,90,57,64.33,57,84.67,68.33,63.33,64.33,78.33,58,72,63.33,69.67,53.33
543.74,68.33,69.67,64.33,70.67,43,72,62,73.33,65.67,69.33,60.33,58,69.67,58.33,58.33
543.86,66,81,74.33,73.33,41,69.67,60.67,70.67,65.67,70.67,61.67,56.67,79.67,57,65.67
543.98,74.67,83.33,75.67,76,57.33,67,60.67,72,70.67,88.33,60.33,63,78.33,60,70.67
544.1,76,87.33,74.67,72.33,72.67,72.33,71,68.33,70.67,88.67,58,76,72,62.67,63
544.22,75,73.67,72.33,67.33,69.67,73.67,68.67,49.67,67.33,82.33,54.33,66,48.33,68,57
544.34,73.67,60,66,64.67,59.67,67.33,62.33,44.67,56,63.67,58.33,57.33,42,66.33,58.33
544.46,64.67,70,65.67,69.67,59.33,73.33,58.33,51,55.67,60.67,67,55.67,45.67,75,66
544.58,69.33,83.33,64,80.67,74.33,73,69.33,79.67,52.67,71.33,68,56.67,66.67,78.33,79.67
544.7,75.67,82,71.67,83.33,73,69.33,70.33,77,55.33,83.67,67.33,57.67,66.67,84.33,72
544.82,83.33,70.33,84.33,80.67,72,70.67,69,72,63,96.33,72.33,68,64,84.33,64.33
544.94,81,72,86,76,59,74.67,70.67,64.67,73.33,90.67,75,79.67,70.67,78.33,60.67
545.06,73.67,77.33,87.33,80,52.67,85,64.67,71,78.33,92.33,78.33,89,63.33,72.33,68.33
545.18,63.33,80,72.33,84,47.67,80,62.33,64.67,71,80,63.33,68.67,64.67,68.67,77.33
545.3,63.33,71,76,75,57,81.33,59.67,64.67,72.33,82.67,68.67,59.67,66.67,77.67,75
545.42,78.33,70.67,72,79.67,77.33,74.67,76,76,66,78.67,82.33,65.67,86.67,87.67,89
545.54,68.33,63.33,69.67,72,73.67,71,78.67,69.67,62.33,71,82.33,76,87,77.67,71.33
545.66,77,67.33,71,81,75,74.67,82.67,76,58.33,77.33,74.67,77.33,78.67,73.67,76.33
545.77,60.33,73.67,69.67,78.67,76.67,68.33,75,55.67,64.67,68.33,50.67,71,63.33,63.33,63.33
545.89,75.33,88.67,78.33,87.33,92.67,74.33,78,63.33,82.67,65.67,62,75.67,63,78.33,68.33
546.01,68,83.67,84.67,83.33,89,65.67,73,63.33,86.67,51.67,69.67,70.67,65.67,86,63.33
546.13,67,71.33,77.33,70.67,71,66,67,68.67,86.67,49.33,75.67,54.33,68.67,76.33,58.67
546.25,87.33,72.67,80,79.67,62.33,66,61.33,72.33,87.33,55.67,81.33,61,70,72.33,70
546.37,102.33,82,80,95,72.33,77.33,64.33,87.33,93.67,77,83.67,77.33,78.67,77.33,81
546.49,115,102,100.33,107.67,90,90,80.67,93.67,101.33,96.67,102,110.33,102.67,106.33,106.33
546.61,106.33,117,107.67,105,104,108,103.33,112.67,111.67,133.33,119.33,139.33,135.67,148.33,144.33
546.73,117.67,134,129,122.67,121.67,127,139.33,143.33,168.67,191.67,177.67,202.67,220.33,237,242
546.85,195,214.33,219,221.67,225.33,256,288,311.67,342,373.33,354.67,364.67,383.67,406.67,404
546.97,498.67,520.67,529,542,545.33,572,589,598.67,605,594.67,546.67,507.67,515,486.33,474.67
547.08,1210,1191.67,1086,1021.67,940.33,902.33,848.33,794.67,741.67,674.33,594.67,543,511.33,448.33,411.33
547.2,1639.67,1530.33,1339,1178.33,1054.33,927.67,809,728.67,645.67,556.67,455.33,403.67,360.67,301.33,253
547.32,1482.67,1334,1108.67,936.67,779.67,631.67,519.33,455.67,399,331.67,249.33,240.33,214,195,146.67
547.44,796.67,677,558,447,382.33,300,233.67,230.33,197.67,187.67,143,147,121.67,124,115
547.56,287.33,251.67,203.67,181.33,150.67,134.33,106.67,112.67,112.67,110.33,72.33,97.67,71,82.33,79.67
547.68,126.67,121.67,113,91.67,86.33,89,69,82.33,74.67,59.67,52,79,52.33,61,64.67
547.8,86,102,73.67,67.33,58.33,68.67,62.33,67,72,43,45.67,66,61,61,45.67
547.92,87.33,87,68.67,63.67,67.33,78.67,67.33,85,72,55.67,76,68.67,71,62.33,62
548.04,92.67,96,77.33,66,73.67,82.33,77.33,83.67,69.67,74.67,87.67,72.33,68.33,63.67,71
548.15,76.33,78.67,68.67,58.33,69.67,68.33,66,68.67,58.33,74.67,86.33,66,53.67,67.33,81
548.27,73.67,86,73.33,62,58,68.33,62,55.67,45.67,59.33,80,64.67,50,71,78.33
548.39,61,82,63.33,59.67,51,72.33,55,50.67,43,60.67,78.67,62.33,55,62,73.33
548.51,84,87.33,83.67,76.33,62.67,80,64,69.67,64.67,71,82.67,70,64.67,63.67,73.67
548.63,72.33,74.67,76,74.67,57.67,67,72.67,69.67,64.67,68.33,69.67,72.33,55.67,59.67,54.67
548.75,76,62,67,68.33,57.33,62,72,73,54.67,59.67,54.33,64.67,47,70,57
548.87,59.67,53.33,54.33,58.33,58.67,61,63,58,39.33,50.67,48.67,53.33,37,61,54.33
548.98,68.67,72.33,69.67,61,75,75,70.67,68,50.67,58.33,71.67,49.67,51,62.33,86
549.1,69.67,72.33,68.33,53,83.33,65.67,74.33,65.67,60.67,63,75.33,63.33,59.67,50.67,75.67
549.22,67,82.33,70.67,49,74.33,69.33,80.67,73,68.33,63,70.67,67,81,57,66.67
549.34,58,64.67,59.33,53,61.67,50.67,70.67,59.33,63.33,64.33,54.33,72,92.33,58.33,45.33
549.46,62,68.33,58,69.67,49.33,57.33,77,46.67,69.67,68.33,54.33,58,86,67,49.33
549.58,72,63.33,59.33,76,64.67,58.67,77,48,59.67,74.67,62,68.33,74.67,72,56
549.69,86,82.33,73.33,69.67,82.67,80,83.33,59.33,82.33,93.67,59.33,68.33,71,77,77.33
549.81,87.33,88.67,85,74.67,99,80,81,76,91.33,96.67,71,69.67,74.67,82.33,89.33
549.93,83.67,84.67,80,81,87.67,71,74.67,78.67,97.67,88,69.67,66,72.33,69.67,91.67
550.05,87.33,87,87.33,87,87.33,65.67,72.67,78.67,85,69,83.67,69.67,77,72,89
550.17,91,78,77,74.33,81,69.33,67.33,67,65.67,57,73.33,69.67,73.33,74.33,84.33
550.28,92.33,77,82.33,84.67,91,82,74,65.67,65.67,73.33,80,76,79.67,94.67,89.67
550.4,87.33,74.33,67,82.33,81,80.67,68.33,65.33,64.33,75.67,76,69.67,73.33,77,75.67
550.52,81,76,64.67,76,72.33,72,62.33,69.33,54.67,83.33,67.33,68.67,64.67,60.67,68.33
550.64,98.67,100,70.67,78.33,78.67,79.67,69,78,72.33,93.33,71,67.33,74.67,56.33,70.67
550.76,88.67,101.67,73.67,84.67,72.33,77.33,78,70.67,70,84.67,76.33,65,67.33,57.67,73.67
550.87,88.67,99,79.67,94.67,74.67,93.67,76.67,64.33,82.33,79.67,81.33,58.33,74.67,66.33,71
550.99,63.33,75.67,69.67,60.67,53,79.67,64.67,45.67,58.33,52,62.33,43,55.67,61.67,52
551.11,72,60.33,60.67,49.33,61.67,70.67,44.33,40.67,59.33,62,47,44,56.67,51.67,43
551.23,68,75.33,68.33,53.33,65.33,60.33,63,62,69.33,74.67,50.67,61.67,66.67,56.67,49.33
551.35,69.33,75.67,77.33,62,71.67,50.33,68,69.33,80.67,87.33,58.67,72,77,48,53
551.46,68.33,96,85,79.67,78.33,66,85.33,97.33,78.33,83.67,79,68.33,96.33,73.33,74.67
551.58,68.67,84.67,71.33,86,72.33,60,68,81.67,69.67,69.67,81.67,61,81.33,77.33,67.33
551.7,78.67,88.67,62.33,93.67,65,61.33,63,73,64.67,55.67,75,45.67,76,87.33,71.33
551.82,68.67,78.67,54.67,74.67,49.67,60,56,50,58.33,57,58.67,49.67,66,68.33,54.67
551.94,71,75,63.33,67,59.67,56,59.67,53.33,58.33,54.33,59.67,48.33,77.33,57,49.33
552.05,67,71,67,70.67,55.67,59.67,62.67,54.33,51.67,65.67,68.33,63.33,77.33,49.33,53
552.17,84.67,84.67,84.67,88.33,68.33,64.67,74,71,77,86,84.67,76,84,63.33,69.67
552.29,91,94.67,88.33,88.33,68.67,83.67,76.33,73.33,83.33,88.67,83.33,77,80,65.67,86
552.41,92.67,107.67,92.33,91,82.67,90,82.33,88.67,90,87.67,76,85,76.33,73.33,88.67
552.52,87.67,92.67,74.67,87.33,89.33,85,67.33,74.67,75,60,59.67,88.67,71,76,85
552.64,76.33,87.67,62.33,76,83.33,75,55,68.67,70,64,60,89,74,78.67,71.33
552.76,62,77.33,52,65.67,73,78.67,43.33,56,67.33,52.33,54.67,72.33,75,74.67,70
552.88,55.67,78.67,66,50.67,59,77.33,44.33,54.67,57,51,50.67,62.33,59.67,65.67,66
552.99,61,80,69.67,62,56,72.33,57,68.33,59.67,49.67,59.67,68.67,54.33,58.33,76.33
553.11,70,82.33,81,67,63.67,73.67,68.33,78.33,66,63.33,72.33,83.67,57,67.33,77.33
553.23,63.67,73.33,59.33,67,63.67,67.33,72.33,79.67,66,60.67,75,79.67,62,66,67.33
553.34,68.33,77,72,68.33,64.67,76,73.33,76,69.67,63,69.67,74.33,72,69.67,75.33
553.46,69.67,68.33,55.67,71.33,63.67,68.33,72.33,77.33,62.33,68.33,62.33,73.33,78.33,56,73
553.58,84.67,80,76,85.33,68.67,71,80,77.33,74,81,75,82.33,89.67,65,84.33
553.7,85,79,67,88,76.33,75,77.67,72.33,74,83.67,71.33,83.67,88.67,66.33,78.67
553.81,90.33,86.67,79.67,76.67,76.33,70,75.33,61,75,77.33,76.33,78.67,76.67,72.67,75
553.93,90.33,85.33,74.67,84,70,73.67,71.33,63.67,68.67,78.67,68.67,67.33,64,66.33,70
554.05,97.67,96.67,83.67,86.33,67.33,74.67,85.33,73.67,72.33,85,74.33,65,67.67,76.33,81.33
554.16,90,94.67,77.33,95,64.67,77.33,81.33,78.67,76.33,89,75.33,62.33,79.67,77.33,89
554.28,91,103.33,74.67,82.33,70.67,79.67,77.33,87.33,81,82.33,76.33,77.33,94,73.33,90
554.4,92.33,98,78.33,81,84.67,79.67,74.67,89.67,78.33,81,85.67,84.33,96.67,72,90
554.52,102,104.67,88.33,89.67,90.67,90.67,79.33,97,86.67,80.67,98.33,101.67,95.33,72,85.67
554.63,112.67,98.33,98.67,91,97.33,96,86.67,101,88.33,77.67,100,94.33,85,91.33,94.67
554.75,106.33,94.67,88.67,90,87.33,100,83,100,90,75.33,96.33,96.33,83.67,89,82
554.87,100,89.67,78.67,73.67,85,95,75.67,92.67,82.67,67.67,81,80,80,94,73.33
554.98,83,75.67,53,72.33,69.67,78.33,76,72,73.33,67,74.33,67,76.67,70.67,55.33
555.1,95.67,72,64.33,79.67,79,69.33,83.33,75.67,77,79.67,76.33,70.67,71.67,68,64.33
555.22,110,83.67,81,96.33,88.67,73.33,96.33,87.33,83.67,86.33,89.33,76,79.33,70.67,82.33
555.33,106.67,87.67,91.33,97.67,93.67,73.33,89.33,104,98,100.33,96,81.33,73.67,66,86.33
555.45,106.67,96.33,87.67,99.67,108.33,82.33,85.67,104,100.33,97.67,90,83.67,81,85,85.67
555.57,90,83.67,72.33,90.67,102.67,78.67,85.33,92.33,95,96.33,79.67,78.67,74.67,81.33,71.67
555.68,96.33,93.67,81.33,88.33,116.67,98,96.33,95,97.67,96.33,74.67,90,91.33,113,78
555.8,83.67,90,66,72.67,86.33,86.67,78,83.67,86.33,87.67,71,71.33,72.67,94,62.33
555.92,81,95,66,67.33,73.33,77.67,60.33,76,81.33,72.33,64.67,67.33,66.33,93,53.33
556.03,88.33,95,66.33,70.67,67,72.33,57.67,65.67,74.67,66,72,62,58.33,82.67,45.67
556.15,90.67,88.67,84,76.67,70.67,77.67,74.67,74.33,77,69.33,72,77,58,86.33,56.67
556.27,93.33,84.67,90.33,71.67,74.67,85.33,86,79.33,70.67,79.33,70.67,80.33,54,77,70.67
556.38,73,78.33,74.67,53,59.33,74,82.33,69.33,67,73,56,68,51.67,65.67,74.67
556.5,61.67,75.67,64.67,53,53,72.33,73.33,50.33,54.33,61.67,70,54,62,55.67,67
556.62,63,78.33,59.67,59.67,67,69.67,78,49.33,58,69.67,75.33,57,64.67,57,67
556.73,64.33,87.33,72.33,60.67,71.67,72,62.67,46.67,50.33,76,71,57,68.33,69.67,63
556.85,77.33,99,78.67,61,75.67,75.67,68,63.33,67,77.33,57.67,73.67,72,68.33,71
556.96,82.33,86.33,83.33,55.67,68,70.67,59.33,65.67,74.67,72,49.67,66,73,68.33,62
557.08,92.67,82.33,73.33,66,78.67,70.67,56.67,70.67,78.33,74.67,58.67,68.33,65.33,52,63.33
557.2,72.33,58,65.67,58.33,74.67,64.33,47.67,55.33,68.33,71,46.67,58,55.33,48.33,51.67
557.31,71,64.33,55.67,66,65.67,60.33,44,44,63.33,62,49.33,56.67,62,50.67,49.33
557.43,65.67,65.67,53,68.33,62,58,56.67,46.67,64.67,67,44.33,56.67,66,60.67,53
557.55,79.33,72,44,68,63,63,65.33,41.67,53,61.67,45.33,50.33,65.67,74.33,43
557.66,82,83.67,60.67,66.67,82.33,78.33,84.67,53.33,53,81,53,62,54.33,84.67,55.67
557.78,83.33,74,67,63,74.33,83.33,88.33,48,48,59.33,54,69.67,56.67,84.67,59.33
557.89,78.33,81.67,80,59.33,74.67,76,79.67,48,62,55.67,67,68.33,63.33,68.33,73.33
558.01,77,73.67,78.33,64.33,54,73.33,66.67,47.67,64.33,46.33,69.33,66.67,69.33,61.67,78
558.13,88.33,84.67,91,79.33,61.67,72,67,59.33,77,66.67,82.67,68,72,69.33,77
558.24,108.67,84.67,88.33,92.33,72,68.33,79.67,76,74.67,84.67,75,84.67,73.33,82,86
558.36,94.67,82,77,82,76.33,57,75.67,76,68.33,77.33,71.33,72,62,72,77.33
558.47,92.33,73,61.67,65.67,69,59.67,68,66,53,77.33,67,67,57,53,77.33
558.59,69.33,74.33,71.67,61.67,71.33,73.33,73,68.33,56.67,72,67,65.67,56.67,49,67
558.71,68,70.67,74.33,58,65.67,67,70.67,53,50.33,65.67,58,52,60.33,45.33,63.33
558.82,59,72,79.33,64.33,59.33,58,83.33,54,56.67,58,50.33,51.67,57.67,51.67,62
558.94,60.67,75.67,61.67,55.33,53,48,68.33,49,56.67,50.67,50.33,40.33,46.67,54.33,71
559.05,75,79.67,73.33,57,66,61,71.67,73.33,77,67.33,58.33,74.67,67.33,68.33,81.33
559.17,76.33,82.33,88.67,62,83.67,80,61,93.67,89.67,73.67,62.33,81.33,80,73.33,85.33
559.28,76,78,76,60.67,79.67,73.33,62,87.33,88.33,68.33,56.67,88.67,78.33,70.67,69.33
559.4,70.67,73,70.67,65.33,83.33,71.67,76.33,73.33,82,65.67,69,81,69.33,78.33,70.33
559.52,70.67,78,56.67,56.67,75.67,54,79.33,55.67,77,60.67,67.67,74.33,61.67,77,63.67
559.63,84.67,93.67,84.33,74.33,87,74.33,88.33,67,82,84.67,86,83.33,79.67,88.67,77
559.75,105,120.33,87,95,102.33,95,88.67,91.33,89.67,89.67,83.67,93.67,81,91.33,78.33
559.86,118.67,129,101,112.67,121.33,110,103.67,115.33,89.67,92,92.33,104,86,97.67,81
559.98,143,150.67,124,124.33,136.67,117.67,115,129.33,102.67,98.67,93.67,100.33,101.33,96.33,91.67
560.09,153,154.33,134,109,127.67,102.33,104.67,115,100,102.33,83.33,79.67,100.67,81,87.67
560.21,177,159.33,144,111.33,127.67,105,101,111,102.33,105,78.33,77,92,81,91.33
560.32,160.33,144,137.67,112.33,122.67,107.67,102.33,95.67,99.67,89.67,82,78,69,72,85.67
560.44,164.33,146.67,139,135,125.33,125.33,115,106,110,93.67,93.67,96,81,88.33,92.33
560.55,150.67,134.33,131.67,139,114,121.67,114,87.33,109,90,101.33,91,83.67,84.67,88.67
560.67,163.33,138.33,125.33,135.33,116.33,121.67,98.67,100,105,98.67,100,86,95,95,91
560.78,145.67,148.33,124.33,130.33,221.33,230.67,202.67,206.33,210,191.33,195,192.33,188.67,189,192.33
560.9,159.67,164.67,133,125.33,235.33,234.33,200,221.33,215,193.67,196.33,192.33,190,184,201.33
561.01,154.67,176,142,135.67,229.33,231.67,212.67,225.33,217.67,188.67,194,192.33,180,185.33,192.67
561.13,154.67,159.67,145.67,132,123,111.33,112,105,103.67,98.67,96.33,83.33,76.33,82,76
561.24,148.33,163.33,153.33,142,114,119,117,107.67,107.67,105,96.33,82,87.67,86.33,68.33
561.36,166,160.67,144.33,130.33,106.33,115.33,113.33,89.67,105,106.33,81,79.67,91.33,79.33,67
561.47,176,159.33,143,135.33,103.67,107.67,99.33,98.67,109,102.33,72.67,84.67,87.33,69,72
561.59,152,133,106.33,112.67,84.67,91.33,84.33,79.67,86,84.67,50,72.33,63.33,53.33,59.33
561.7,118,109.33,88.67,89,78.33,65,68,73,63.67,76,63,58.33,46,42.67,50.67
561.82,95.33,94,67.33,63.67,59.67,65,62.33,63,44.67,59.67,55.67,40.67,31,46,37
561.93,86.33,99.67,77.33,68.67,63.67,67.33,63.33,65.67,52.33,64.67,63,46.67,37,54.67,46
562.05,72.33,95.67,55.67,67,51.67,76,49.33,67.33,49.33,54.33,38.67,37.67,43,52,53.33
562.16,81,102,57.67,78,60,79.67,65.67,70.67,64.33,56.67,45.33,46.33,60.33,55.67,60.67
562.28,80,87.33,51.67,70.33,45.33,55.67,60.67,73,58,54.33,49.33,48.33,49,41.67,53
562.39,91.33,79.67,59.33,88.33,63.67,59.33,77.33,70.67,79.67,67,74.67,58.67,56.67,48,48.33
562.51,81.33,74.67,57.33,66,62.67,45.67,58,54.67,68.33,58.33,68.67,47.67,38,44.33,41
562.62,77.33,96,59.67,59.67,76,63.33,60.67,54.67,70.67,63.33,74.67,44.33,54.33,55.67,49.67
562.74,67,99.67,67.33,41.67,65.67,62,61.67,52,65.67,59.33,65.67,48,49,63,57
562.85,75.67,95.67,67,53,65.67,67,65.67,58,69.33,60.33,68.67,53,71.67,56.67,70.67
562.97,78,89.33,65.67,53,56.67,64.33,60.33,49,73.33,55.33,61.33,52,74.33,58,67
563.08,87,96,78.33,62.33,58.33,63.33,60.67,55.67,67,57,69,57.33,83.67,45.67,64.67
563.2,78,100,72,58.33,51.33,62,55.67,53.33,53,62,74.67,58.33,71,46.67,67
563.31,77,86.33,58.33,59.67,57.67,51,70,57.33,50.67,55.67,73.33,64.67,62.33,44.33,52
563.43,64.33,73.33,44.33,50.33,52.33,39.33,55.67,43,43,49,60.67,63,49.33,40.33,44.33
563.54,48.33,63.33,52,58,59.33,43.33,50.67,44.33,53.33,39.33,58.33,59.33,47,40.67,33.33
563.65,59.33,61.67,64.33,57.67,58,54.33,41.33,46.67,50.33,40.33,58,61.67,46.67,44,44.33
563.77,65.67,64.33,65.67,68,67,67,53,54.33,58,58.33,70.67,67,54.33,49.33,60
563.88,71.67,61.67,61.67,52.67,63,57.67,50.33,55.33,55.33,56.67,74,62,49,49,61
564,70.67,72.33,63,64.33,73.33,64.33,63.33,55.67,60.67,68.33,93.33,59.67,53,52,67.67
564.11,69.67,72.67,58,57,67,57,55.67,52,62.67,58.33,81,51,52,64.67,49.67
564.23,72.33,77.67,60.67,69.67,63.33,67.33,67.33,43.33,57.67,58.33,63.67,39.67,61,66,44.67
564.34,70,67.33,55.67,59.67,48,59.67,49.67,43.33,43.67,44.33,42,35.67,56,66,34.33
564.45,78.67,78.33,60.67,64.33,53,78.33,54.67,50.67,44,46.67,52.33,30.33,57,55.67,39.67
564.57,81.33,74.67,53.33,67,54.67,76,54.67,64.67,49.33,58.33,66.33,45,64.67,49.67,48.67
564.68,77.67,73.67,46,54.33,58.67,73.67,53.33,57,39.33,63.67,69,46.67,61,33.33,56.33
564.8,65,60,41,52,47.33,46,49.67,48.33,32,49.67,47,48,52.33,23.33,53.33
564.91,57.33,66.33,43.33,40.67,44.67,34.67,38.33,38,33,40,33.67,47.33,41,30.67,49
565.02,49.67,61,45.67,50.67,44.67,34.33,37,41.67,54.67,36,16,44.67,52.33,43,50.33
565.14,53.33,59.33,38,43,47,36.67,35.33,37.67,50.67,33.33,19.67,43.33,50.67,53,47.67
565.25,48,45.33,33,45.33,46.67,37.67,44,37.67,41.67,32.67,21.33,40.67,50.33,48,34
565.37,45.33,56.67,38,46.67,42.67,27.67,52.67,41.33,32.67,33.67,35.67,49.33,38.67,36.67,26.33
565.48,40.33,56.33,44.33,51.67,46.67,30.33,51.67,49,29,40,38.33,53,40,26.67,29
565.59,50.67,56.33,59.67,38,45.67,38,50.67,48,34.33,40.33,48.67,49.33,35.33,23,48.33
565.71,65.67,56.33,66,40.67,64.67,43,44.67,44.33,40.67,41.67,48.33,43,52,47.67,57.33
565.82,60.67,41.67,68.67,38.33,51.33,41.67,46,42,39.33,26.67,43.33,33,43.33,53.33,48.33
565.93,49,35.33,47,35.67,38.33,25,29.33,21.33,26.33,3,16.67,26.33,41.67,49.33,34
566.05,41.33,20.67,28,25.33,16.67,35,27.67,12.33,21,-0.67,20.33,13.67,35.67,37.67,21
566.16,49,38.33,27.67,18.67,19.67,44,21.33,19.67,33.67,18.33,30.33,25,44.33,38.33,23.67
566.28,62,56,35.33,30.33,31.33,50.67,26.33,46.67,46.67,43,54.33,36.67,44.67,55,30.33
566.39,59.67,60.67,39,25.33,39,42,21.67,50.67,43,44.33,46.67,40,38,45.67,26.67
566.5,45.67,51.67,40.33,21.67,42.67,25.33,16.33,42,27.67,34,34,24.67,29.33,43,17.67
566.62,45.67,43,38,26.67,36.33,30.33,17.67,39.33,32.67,38,25.33,23.33,28,24,9
566.73,36.67,43,38,30.33,27,21.33,18.67,34.33,30,30.33,29,18.67,25.33,21.67,21.67
566.84,46.67,44.33,25.33,30.33,29.67,30.33,25,25.33,41.33,26.67,29,25,35.33,14,44.33
566.96,48,43,35.33,36.67,42.33,36.67,32.67,30.33,32.33,24.67,42.67,37.67,51.67,33,55.33
567.07,52,39.67,31.67,25.33,54.33,40.67,26.33,25.33,28.67,18.33,27.67,39,48,34.33,41.33
567.18,43.33,28.67,33,23,42,27,28,23,16.33,12,24,36.67,25.33,40.33,13.67
567.3,40.67,33.67,28,19,37,22,24.33,14.33,24,7.67,7.67,28,19,34,1.33
567.41,39.33,40.67,39.33,35.67,32,20.67,28.33,28,26.67,11.33,17.67,33,29,36.33,0.33
567.52,54.33,63.33,47,41.67,39.33,49.67,24.33,47,44.33,22.67,30.33,44.33,46.67,34.33,23
567.64,53,64.33,45.33,29,43,41.67,20.33,50.33,46.67,33.67,34.67,45.33,44,26.33,35.33
567.75,64.33,70.67,51.67,30,51.67,50.33,30.33,53,65,51.67,46.33,54.33,36.33,24,50.33
567.86,50.33,66.67,49,34,59.33,36.33,32.67,50.33,61,44.33,47.33,51.67,33.67,19,51
567.98,54.33,63.33,58,48,62,45.67,40.33,53.33,56.33,39.67,50.67,54.33,25,15.67,48.67
568.09,39.33,55.67,48,44.33,45.67,35.67,31.67,34.33,36.67,16.67,35.33,48,15.67,18,35.33
568.2,46,53.33,58.33,55.67,39.33,33,51,40.67,37,23,36.67,53.33,17,33.67,37.33
568.32,38.33,50.67,44.33,50.67,41.67,34,47,39,33,7.67,31.33,45.67,19.33,44.67,38.33
568.43,45.67,61,51.67,55.67,49.33,44,50.67,60.33,43,23,50.33,45.67,30,51,54.33
568.54,43,57,50.33,48,43,53,27.67,55.33,45.33,22.67,44,33,47.67,42.67,54.33
568.65,182.33,193.67,188.33,179.67,157,177,160.67,192.33,173.33,168.33,181,163.33,197.33,169.33,176
568.77,195.33,200,193.67,192.33,164.67,186,165.67,194,172.33,179.67,177.33,168.33,214,174.67,176
568.88,195.33,201.67,183.67,185,167.33,171,170.33,180.33,166.33,173.67,172.67,164.67,190.33,168,166
568.99,52,71.33,50.67,57,43.33,48.33,45,38.33,43.33,41.33,41,35.67,54.67,41,52
569.11,39.33,66.33,33,48.33,38.33,44.67,46.33,32,43.33,28.67,41,44.67,52,38.33,54.33
569.22,54.67,75,39.33,57,37,56,49.33,48.33,40.67,43.67,40.67,52,59.33,46.33,50.33
569.33,63.67,63.67,35.67,42,28.33,44.67,33,42.33,25.67,45.67,38,43,34.33,38,32.67
569.44,56,62.33,35.67,31.67,27,25.67,21.67,32,24.33,40.67,16.33,21.33,5.33,29.67,22.67
569.56,40.67,52,21.67,23,30.67,23,20.33,23,30.67,33,17.67,17.67,0.33,27.33,22.67
569.67,29.33,58,26.67,33,40.67,29.33,31.67,26.67,39.33,26.67,30.33,19,10.33,27.33,26.67
569.78,30.33,46.67,29,33,35.33,35.67,33,31.67,38,17.67,38,15.33,21.67,19,17.67
569.89,22.67,46.67,44,32.67,31.67,38,29.33,34,29,17.67,41.67,11.33,23,20,24.67
570.01,40.33,48.67,39,41.67,40.67,47,39.67,50.33,42,21.33,40.67,31.67,30.67,31.33,38.67
570.12,51.67,52.33,47.67,40.33,48.33,50.67,50.67,49,40.67,41.67,49.33,41.67,33,45.33,54
570.23,73.33,66.67,49.33,45.67,57.33,43.33,45.67,43,51,45.67,53.33,56,33,48,52.33
570.34,61.67,69.67,53,41.67,43,36.67,39,30.33,45.67,34,44.67,34.33,21.33,53,38.67
570.46,60.67,62.33,42,52,25.33,29.33,30.67,30.67,44.67,25.33,28.33,34.67,16.67,50.67,23.67
570.57,52,53.33,45.67,67.33,20.33,38.33,40,48.33,39.67,23,23.33,30.67,19.33,45.67,28.67
570.68,50,43.67,33.33,51,18,23.33,20,38.33,28.33,22,14.33,29.67,24.67,29.33,13
570.79,46,54.67,40.67,44.67,35.67,30.67,12,39.33,32,34.33,35.67,37,37,30.33,21.67
570.91,38.33,32.33,18,15.33,26,21.67,5.33,18,32,29,33,25.67,29.33,22,12.67
571.02,53,49.67,24,24,41,33,26.67,28,38.33,44,41.33,33,31.67,30.67,46.67
571.13,49.33,46,29,27.67,33.33,35.33,40.67,29.33,42,27.67,42.67,23,29,29.33,45.33
571.24,64.33,70.67,55.33,44,45.33,48,48,38,43,30.33,49,40.67,36.33,49,45.33
571.35,70.67,86,77,52.67,56.67,61.67,57.33,55.67,59.33,43,63.67,48,57.67,60.33,49
571.47,77,81,71,46.33,59.33,68.33,41,48,51.67,45.67,51,53,55.33,65.67,47.67
571.58,63,71,57,31.33,55.33,50.67,43.67,45.33,53,39.33,47.33,41.67,58,44,46.33
571.69,43,44.33,29.33,24,30.33,30.67,14,22.67,35.33,23,20.33,30.67,22.67,16.33,20
571.8,39,55.67,39.33,31.67,31.33,24,29,30.33,45.33,38,19,34.33,22.67,15,22.67
571.91,53,63,55.67,51.67,42.67,39,39,30.33,52.67,56.67,29,41.67,34,35.33,32.67
572.03,55.67,58.33,73.33,52,46.67,48,57.67,21.67,46.67,53,36.67,44.33,49.33,36.33,40.33
572.14,58.33,58.33,64.67,50.67,31.67,44.33,57.33,21.67,38,38,34.33,30.67,49.33,30,32.67
572.25,58.33,58.67,56,51,32,50.67,54.33,30.67,30.67,38.33,39.33,34.67,47,40.33,31.67
572.36,48,68.67,33.33,43.33,19,33,47.33,44.33,26.67,46,40,30.67,50.33,43.33,21.67
572.47,49.33,63.67,33,32,28,26.67,41.33,44.33,21.67,34.33,37.33,31.67,41.33,37,19.33
572.58,44.33,66,34.33,16.67,22,21.67,31.67,41.67,17.67,29,23.33,17.67,27.33,28,20.33
572.7,54.33,59.33,54.33,24,29.67,36.67,39,46.67,26.33,32.67,25.67,20,30.33,31.67,21.33
572.81,43,59.33,50.67,22.67,32,40.67,41.67,50.33,29,38.33,24.67,24,35.67,35.33,23.67
572.92,51.67,63.33,52,40.33,36.67,35.67,48,60.67,33,43.67,32.33,45.67,47,39,32
573.03,59.33,73.67,52,44,51.67,38,50.67,54.33,36.67,46,39.33,61,50.67,39,44.67
573.14,78,82.33,65.67,56.67,67,44,53,59.33,51.67,62,58,72,59.33,49,56
573.25,64,69.33,59,-78.67,-64.67,-77.67,-83.67,-85,-73.67,-73.67,-72.33,-71.33,-73.67,-90,-76.33
573.37,68,78,59,-74.67,-71,-70,-86.33,-73.67,-72.33,-73.67,-75,-76.33,-82.33,-76,-68.67
573.48,74.67,82,62,-62,-62,-54.67,-76,-63.33,-73.33,-71,-72,-81,-75.67,-70.67,-59.67
573.59,76.33,86.67,59.67,53.33,59.67,58,46.67,55.67,49.33,48.67,44.67,44,52.33,52,60.67
573.7,64.67,66.67,48.33,39.33,47,35.33,29,40.67,40.67,32.33,29.67,26.33,43.33,34,43
573.81,51.67,61.33,32.67,31.67,29,24,16.33,26.67,36.67,22,18,23.67,45.33,20,40.33
573.92,56.67,66,36.67,33,29,33,21.67,35.67,42,34.33,29.33,25.67,36.67,24,39.33
574.03,59.33,83.67,49.33,40.67,38,41.67,38,39.33,52,38,36.67,35.67,41.67,38,48
574.15,58.33,80,54.67,40.67,33,39,50.67,39.33,49.33,38,34,34.33,36.67,49.33,34.33
574.26,55.67,75.33,57,45.33,29,39,53,34,42.67,34,26.33,35.33,52.67,54,32.33
574.37,52,52.33,40.33,42.67,31.67,36.67,41,27.67,35,40.33,26.33,31.67,57.67,49,18.67
574.48,59.67,58.67,40.33,32.67,33,43,28.33,29,27.33,39,39.67,38,60.33,37.67,32.33
574.59,53.33,49,32.67,36.67,45.67,39,27,49.33,37.67,41.33,51,54.33,50.33,29,43
574.7,59.33,68,50.33,54.33,48,50.33,45.33,62,50.33,45,65,66.67,49,40.33,60.33
574.81,41.67,46.67,36.33,40.33,39,32.67,32.67,43,43,35.67,57,47.67,31.33,34,47.67
574.92,54.33,57,40.33,39,34,35.33,36.67,32.67,38,25.67,45.67,34,31.33,39,41.33
575.03,55.67,38,35.33,27.67,30,37.67,29,31.33,34.33,10.67,36.67,38,31.33,27.67,41.33
575.14,72,55.33,51.67,49,39,52.67,45.33,56.67,48,22.67,37.67,46.67,45,34.67,42.67
575.26,65.67,54,44,44,30.33,49,36.33,48,39,38,37.67,46.67,46.33,29,41.67
575.37,64.67,70.67,44.33,41.67,34,30.33,41.67,49.67,36.67,49.67,35.33,49.33,34,28,37
575.48,62,64.67,44.67,31.67,34,18,44.33,33.33,39.33,54.67,28,58.33,25.33,27.33,39.67
575.59,62,57.33,41,36.67,37.67,18,47.67,33.33,37,35.67,25.67,55.67,20.33,29.33,29.33
575.7,60.67,45.67,42,39,38,29.33,41.33,30.33,40.67,34,34.33,36.33,36.67,41,17.67
575.81,55.67,48,34,51.67,40.33,38,41.33,34,36.67,23.67,39,30,36.67,41,15
575.92,64.33,57.67,46.33,55.33,37.67,49.33,43,39,54,36,50,21,43,41,26.33
576.03,68,63,46.33,49,40.33,48,29,36.67,45,38.67,35,23.67,43,36.67,34
576.14,74.33,51.67,44,37.67,42.33,35.33,32,31.33,42.67,36.33,36.33,23.67,38,35.33,31.33
576.25,69.33,57,45.33,36.67,51.33,39,34.67,23.67,38,39,31.33,32.67,25.33,46,29
576.36,73.33,72,48,45.67,53.67,55.33,67.67,32.67,48.33,36.67,50.33,35.33,25.33,62.33,39.33
576.47,58,69.33,39,41.67,41.67,59,57,25.33,45.67,24,37.67,35.33,17.67,57.33,38
576.58,45.67,61.67,30.33,36.67,32.67,46.33,52,20.33,30.33,5,27.67,35.33,30.33,45.33,25.33
576.69,26.67,37.33,19,28,17.67,30,28,5,16.33,3.67,10,30.33,23,16.33,10
576.8,34.33,61.33,36.67,40.67,36.67,44,36.67,15,26.67,36.67,24,45.67,35.67,37.67,25.33
576.91,53.33,57.67,48,36.67,44.33,53,46.67,31.67,39.33,55.67,39.33,44.33,33,45.33,41.67
577.03,66,73.33,56.67,37.67,54.33,53,51.67,43,53.33,60,45.67,54.33,37.67,56.67,48
577.14,57.33,63.33,43,22.67,34.33,45.67,40.67,40.67,37,45,38.33,31.67,36.67,38,38
577.25,48.33,65.67,41.67,33,31.67,35.67,40.67,38,39.67,46.33,34.33,25.67,35.67,44.33,33
577.36,39.33,60.67,36.67,38,16.67,28,35.67,33,34.67,35.67,38,24.33,29.67,38,37
577.47,54.33,57,44.33,44.33,29,35.33,39.33,38,44.67,39.33,41.67,33,28,39.67,34.33
577.58,53,63.33,47,49.33,29,39,28,45.67,39.33,42,49.33,45.33,36.67,30,47
577.69,62,74.67,66.33,58.33,62,59.67,48.33,54.67,43,63.67,51,45.67,50.67,48,52
577.8,57,73.33,70,69.67,49.33,48.33,42,49.67,44.33,61,41,48.33,52,47.67,51
577.91,53.33,66,67.33,73.33,50.67,44.67,63.67,46,52,58.33,36,46,47,56,49.67
578.02,44.67,49.67,53.33,57,24,32,44.67,34.67,37,39.33,27,43.33,36.67,37,34.67
578.13,45,56.33,53.67,59.67,40.67,42.33,58.67,46,34.67,43.33,46,46,44.67,47,42.33
578.24,38.67,58.67,51.33,51,35.67,52.33,54.67,34.33,21,32,38.33,46,42.33,37.67,32.33
578.35,42,67.33,53.67,58.33,45.67,50.67,59.33,43,37,36.67,48.33,45.67,41,45.67,56
578.46,39,64.33,47,48,43,50.67,48.33,36.67,39.33,31.33,30.33,35.33,29.33,33,51.33
578.57,51.33,74.33,54.33,49,58,56.67,39.33,43,58,49,40.33,40,30.33,44.67,61
578.68,56.67,74.67,40.67,43,50.67,63.33,41,35.67,44.33,40.67,34,34,35.67,42.33,50
578.79,50.33,76,28,34.33,39.33,51.67,41.67,28,35.33,38.33,31.67,37.67,38.67,39,43
578.9,48,64.67,15.67,34.33,25.67,40.67,49.33,38.33,28,20.67,31.67,29.33,43.67,34.33,39.67
579,41,53,8,30.33,15.33,30.33,41.67,32,34.33,30,35.67,30.67,36,26,25.67
579.11,47.33,53,27,32.67,24,36.67,47.33,38.33,45.67,43.67,39.33,35.67,33,35.67,39.67
579.22,49.67,55.33,38,30,21.33,47.67,36,35.33,40.33,56,38,31.33,19,25.33,30.33
579.33,68,66.67,72,59.33,54.33,70.67,46,46.67,48,59,40.33,51.67,34,34.33,49.33
579.44,82,73,68.33,67,53.33,77.33,45.67,53,49.33,53,51,41.67,43,29.33,35.33
579.55,79.67,82,61,63.33,58.33,66.33,40.67,40.67,45.67,45.67,41.67,37,57,40.67,40.67
579.66,65.67,77,50.67,46.67,41.67,45.67,35.67,46.67,39,43,41.67,22.67,55.67,34,30.33
579.77,54.33,70.67,41.67,49.33,42.67,41.67,29,53.67,34,39,34.67,35.33,54,30,38
579.88,59.33,74.67,56.67,55.67,59.33,54.33,41.67,66.33,51.67,45.33,53,54.33,53,40.33,42
579.99,65.67,77,58,40.33,59.33,63.33,46.67,65,54.33,59.33,49.67,53,40.33,45.33,43
580.1,68.33,68.33,72,39,46.67,62,52.33,49,58,64.33,46,37.67,41.67,58,41.67
580.21,60.67,54.33,54.33,34,27.67,49.33,41,42.67,36.33,61.67,28.33,21,26.33,44,35
580.32,48,52,42,39.33,24,48.33,19.67,26.67,37.67,41.67,15.33,16.33,35.33,48,29
580.43,42.67,53,38,33,39.33,44.67,15.33,37,30,33,23,35.33,33,49.33,31.67
580.54,44,55.67,26.67,38,40.33,37,22.67,38.33,34,26.67,25.33,39.33,43,54.33,25.33
580.65,49.33,68.33,31.67,47,43,38.33,45.33,45.33,29,34.33,43,50.67,45.67,53.33,30.33
580.76,52.33,73.67,27,49.67,39.33,33.33,44.33,40.33,30.67,34.33,36.67,33.33,44.67,46,31.67
580.86,51,77.33,42,42,35.67,35.67,35.67,42.67,31.67,33,38,33,34.67,39.67,33
580.97,59.67,74.67,43,30.33,29,26.33,26.67,43,32.67,25,36.67,21.33,32,42,24
581.08,62,79.67,46.67,40.33,28.33,31.33,23.33,38,33.67,26.33,48,31.33,39.33,39.33,26.33
581.19,50.67,64.33,31.67,34,34,26.33,18.67,29,28.67,21.33,48,34,41.67,29,31.33
581.3,31.67,44.33,19.33,22.67,33,24,12.67,24,14,23,31.67,40.67,12.67,10,24.67
581.41,38,52,29.33,11.33,32.33,33,25,40.33,25.67,35.67,42,49.67,11.67,14,33.67
581.52,55.67,61.33,39.33,10,34,40.33,34.33,43,34.33,40.67,39.33,42.67,16.67,23,26
581.63,78.67,81.67,55.67,24,45.33,45.67,47,54.67,57,50.67,58.33,35,43.33,42,47
581.74,60.67,66.33,38,12.67,46.67,27.67,37.67,33,46.67,34,43,28.33,33,42.33,24
581.84,57,72.33,36.67,20.33,44.33,33,43,39.33,44.33,41.67,49.33,41.67,35.67,45.67,36.67
581.95,49,62,32.67,32.67,38,40.33,37.67,37.67,45.33,37.67,48,54.33,34,44.33,37.67
582.06,58,63.33,42.67,47.67,27.67,53,39,54.33,40.33,46.67,49.33,45.67,39,40,45.33
582.17,50.33,58,45.33,49,36.33,48,34,43,32.67,44,42.33,39.33,35,31.67,41.67
582.28,52,69.67,52,40.33,45.33,45.67,44.33,48.33,31.67,35.33,31,34.33,34,33,38
582.39,58.67,75.33,53.67,36.67,53.33,47.33,47,39,35.67,31.67,22.33,35.67,31.67,39.33,47
582.5,65,63,52.33,33,44.67,44.67,43.33,45.33,32,19.33,22,20.67,27,42,43.33
582.6,65,59,52.33,43.33,42,52,43.33,39,27,30.67,29.67,27,29.67,48.33,53.33
582.71,67.33,57.33,59.67,51,60.67,53,45.33,51,35.67,47,42,37,38.33,45.67,62.33
582.82,63.67,64.67,56,58.33,63.33,58,42,43.33,35.67,60,45.67,54.67,40.67,46.67,61
582.93,81,74.67,54.33,49,73.33,51.67,41.67,49.33,45.33,62.33,44,53,55.67,40.33,64.67
583.04,72,68,46.67,36,50.33,54,43.33,31.33,35,39.33,31.33,46.33,46.67,44.67,40.33
583.15,65.67,67,42.67,21,45,46.67,40.33,29,37.67,25,27.67,31,50.33,42.33,34
583.26,44.33,62.67,40.33,26.33,34.33,50.33,36.67,17,25,18.67,12.67,13.33,27.33,42.33,18.67
583.36,43,60.33,32.67,36.67,37,36.67,40.67,19.67,21.33,21.33,19,11,27.33,31.67,25
583.47,53,69,40.33,48,42.33,36.67,43,36,21.33,44,26.67,27.67,25,27.67,28.67
583.58,68.33,58.33,37.67,49.33,44.33,35.67,47,40.67,24,55.67,51.33,45.67,36,32.67,29
583.69,88.67,70.67,56.67,48,55.67,39.33,46.33,52.67,43,65.67,62.67,59.67,45,53.67,39
583.8,88.67,78.33,70.67,45.33,54.33,43,62,48.67,49.33,55,53.67,58.33,44.33,66.33,55.67
583.9,70.67,79.33,67,35,42.67,23.67,49,42,38,38.33,34,40.33,33.33,57.33,42.67
584.01,46.67,73.33,64.67,40.33,32.67,27.67,39.67,36.33,25.33,36,15.33,33,32.67,51.67,35.33
584.12,50.33,63,58.33,48,45,37.67,22.67,35,29,42.33,15.33,38,37,50.33,21.33
584.23,52,59.33,62.33,56,58,55.67,35.67,36.67,29.33,49,22,49.67,46.33,42.33,40.67
584.34,57,54.33,58.67,47,60.67,53,49.33,35.33,33.33,40,35.67,49.67,39.33,27,42
584.44,50.67,57,47.33,43.33,45.67,39.33,53.33,38,29.67,35.67,42,40.67,30.67,24.67,48.33
584.55,43,59,41,33,39.33,31.67,43,43,38.33,23,40.67,38,15.33,16.33,32
584.66,1.33,32.33,-8.67,-3.67,34.33,31.67,38,35.33,28,-6,-13.67,-13,-27.67,-14.67,23
584.77,-1,33.67,-5,0,31.67,32.67,37.67,29,27.67,-11.33,-21.33,-9.33,-20.33,-20,14
584.88,4,30.33,6.33,9,31.67,25.33,37.67,20,18.67,-7.67,-16.33,-10.33,-10.33,-6,22.67
584.98,47,65.67,54.33,53.33,31.33,14,33.67,32.67,35,34,38,38,39,34,40.33
585.09,66,81,65.67,56,57,39.33,61,55.67,58,46.67,67,62.33,63.33,55.67,64.33
585.2,72,86,71.67,52,57.33,50.33,66,69.67,77,56.67,64.33,67,58,48,57.33
585.31,82,93.67,69.33,49.33,67.67,66.67,86.33,77.33,79.67,60.33,65.67,68,61,55.33,48.33
585.41,64.33,77,58,53,50,41.67,69.33,53.33,60.67,44,43,44,37,39,21.33
585.52,64.67,69.67,48,55.67,52,34.33,58,45.67,45.67,38.33,35.33,51.67,46.67,45.33,27
585.63,66,69.67,54.33,58.33,59.67,33,40.33,45.67,49.33,46,41.67,55.67,48.67,41.67,39.67
585.74,72.33,82.33,67,57.33,66,49.33,44.33,57,55.67,65,50.67,68.33,62.33,51.67,67
585.84,67.33,95,68.33,47.33,67.33,58.33,53.33,57.67,55.67,78.33,62.33,59.67,55.67,46.67,73.67
585.95,47.33,83.67,50.67,43.67,48.33,49.67,46,35,34.33,52,49.67,47,43.33,38,50
586.06,53.67,71.33,48.33,42.33,39.33,42,44.67,36.33,32,35.67,40.67,29.33,33.33,25.67,33.33
586.17,45.67,75,50.67,59.67,36,44.33,52,40.67,40.67,15.33,32.67,28,47,32,26.67
586.27,59.67,81.33,71,67.33,45,59.67,59.67,63.33,49.67,31.67,46.67,35.67,71,48.33,36.67
586.38,47,80,64.67,63.33,43.67,49.67,50.67,55.67,48.33,33,49.33,38,69.67,50.67,31.67
586.49,61.67,70.33,63,65.33,43.67,44,40,66.33,50.33,43.67,56.33,33.67,62.67,47.33,42.33
586.59,52.67,71.67,53,55,41,37.67,33,71.67,51.67,35,37.33,47.67,33.67,31,52.67
586.7,55,80.33,69,61.33,49.67,48.67,44.33,74,59,38.33,44.67,50,29.67,36,67.67
586.81,55.67,85,62,46.67,48,50.67,48.33,52,45.67,44.33,45.33,55.67,15.33,48.33,58.33
586.92,59.33,77.33,68.67,54.33,49.33,51.67,51.33,31.33,41.67,50.33,54,36.67,20,57,54.33
587.02,55.67,72.33,50,43,35.67,50.67,35,21.33,25.33,58.33,41.33,37,36.67,53.33,43
587.13,48.33,69.67,51.33,48.33,44.67,44.33,34.33,29,28,43,35.33,32,49.33,34.33,38
587.24,55.67,70.67,45.67,43,45.67,33,41.67,34,34,36.67,26.67,42,43,30,26.33
587.34,64.33,70.67,59.33,55.67,55.67,33,53,42.67,48,30,43.33,40.67,34,26,29
587.45,73,73.33,69.33,57,51,53.33,58,59.33,64.33,46.67,58.33,50.67,41.67,33.67,36.67
587.56,67,79,78,54.67,55,67.33,55.67,55.67,55.67,50.67,65.67,46.67,60.67,31.67,39.33
587.66,68.33,79,72,46,64,71.33,57,57,53,57.33,55.67,40.33,64.67,40.67,38
587.77,64.67,84,60.67,53.67,68.67,61,62.33,45.67,44.33,56,54.67,38,60.67,55.67,49.33
587.88,68.33,82.33,67.33,57.33,62.33,68.67,67.33,63.67,52,65,58.67,33.33,52,64.67,55.67
587.98,63.33,67,52,47,48.33,53.33,49.67,52.33,34.33,53.33,43.33,33.33,36.67,48,46.67
588.09,57,55.67,57,35.33,33,44.67,47,49.67,31.67,45.67,31.67,29.33,34.33,48,35.33
588.2,46.67,45.33,44,27.67,35.33,36.67,29.33,29,15,37,16.33,31.33,34,37.67,25
588.3,44,62,61.67,50.33,36.67,49.33,43,46.67,24,47.33,30.33,37.67,46.67,53,28.33
588.41,50,72,59,56.67,44,54,30,52.67,27.67,47.33,38,39,37.67,36.33,30.67
588.52,63,81.33,64.33,67,35.33,48,27.67,55.67,35.67,44.67,47,34.33,44.33,44.33,45
588.62,65.67,75,54.33,36.67,31.67,40.33,17,50.67,33,43.33,44.33,28,35.67,39.33,50.67
588.73,63.33,68.67,65.67,26.33,34.33,41.67,24.67,39.33,24,33,37.67,25.33,47.67,41.33,46.67
588.84,55.67,69.67,44,13.67,41.67,50.33,37,36.67,36.33,41.67,39,26.67,40,36,46.33
588.94,55.67,79.67,50.33,34,47.67,55.33,44,30.33,46.33,35.33,41.33,31.67,46,46,54.67
589.05,55.67,75,43,38,46.33,50.33,46.67,25.33,42.67,41.67,39,35.33,44,45.33,53.67
589.16,48,63,40.67,43,51.67,27.67,38,15,22.67,29,32.67,37.67,35.33,46.67,37.33
589.26,44,52.67,38,38,53,25,36.67,15,17.67,31.33,34,39,36.67,44,29
589.37,44,54.67,39,45.33,39,28.67,31.33,21.33,25.33,35,41.67,37.67,30.33,40.33,29
589.47,69.33,72.33,82,69.33,53,54,42.67,43,59.33,57.67,68.33,40.33,51.67,49.67,48
589.58,78.33,80,89.67,76.67,59.33,66.67,59,50.33,73.33,56,73.33,41.33,53,37,45.33
589.69,83.33,84,91,69.33,79.67,70.67,60.33,71.67,74.33,71.33,70.67,40.33,65.67,47,61.67
589.79,58,84.67,63,54.33,54.33,55.33,61.67,51.33,51.67,52.33,45.33,36.33,56.67,35.67,42.67
589.9,54.33,85,51.67,43.33,44.33,39,49.33,45.33,44,51.67,39.33,32.67,45.33,38.33,58
590,40.33,68.33,39,32,24,23.67,28,15,29,25,24.33,21.33,20,25.67,41.67
590.11,47,58.33,34,29.33,30.33,26.33,22.33,31.67,35.33,30.33,28,38,24,31.67,59.67
590.22,53.33,62,53,53,37.67,30,33,36.67,40.33,34,34,41.67,39,45.67,53.33
590.32,58.67,69.67,59.67,65.67,41.67,35.33,57,42,59.33,47,43,55.67,50.67,57.33,49.67
590.43,57,62,63.33,58,35,34,53.67,30.33,47.67,39,41.67,34,39.67,48,31.67
590.53,39.33,55.67,48,25.33,22.67,29.33,30.33,24,30,22.67,30.67,24,31,29,21.67
590.64,46.67,59.67,53,24,25,26.67,24,27.67,18.67,20,25.33,15,47.33,16.67,21.33
590.75,48,60.67,53,25.33,31.33,24,31.67,43,20,17.67,25.33,31.33,48,32,29.67
590.85,61.67,58,51.67,38,32.33,17.33,40.33,48,32.67,29,25.67,42.67,46.67,23,38.33
590.96,66.67,76.67,50.33,50.67,46.33,37.33,53,51.67,49,40.33,42,64,42.67,42.67,65
591.06,82,92,54.33,69.67,45.33,46.33,55.67,41.67,60.67,48,52.33,56.67,56.67,41.67,72
591.17,83.33,103.33,57,81,46.67,65.33,63.33,35.33,63.33,46.67,53,64.33,64.33,55.67,68.33
591.27,68.33,88.33,53,67,31.67,46.67,44.33,29,49.33,34.67,35.33,40.33,49.33,50,40.67
591.38,58.33,83.33,48,48,36.67,46.67,34,31.33,45.33,36,34,50.33,42,39.67,39.33
591.48,62.33,73.33,48,34,45.67,45.67,29,31.33,39,45.67,39.33,41.67,43.33,48.67,43
591.59,79,69.67,51,36.67,56,47,47,40.67,45.67,50.33,49.67,49.67,51,39.33,50.67
591.7,77.33,60.67,54.67,35.33,61,48.33,49.33,38,50.67,47.67,53.33,37,50.67,38,46
591.8,70.33,68.33,51,34.33,62.33,47,49.33,42,57,35.67,56,29.33,44.33,35.67,40
591.91,59,72.33,49.67,32,53.33,49.67,40.33,21.67,49.33,26,44,25.33,48.67,35.67,38.67
592.01,51.67,80,48.33,30.67,42,48.33,38,30.67,43,12,38.33,33,48.67,44.67,40.67
592.12,54.67,68.33,54.33,40.67,34.33,37,45,30.67,32.67,20.67,31.67,40.67,51,40,51.67
592.22,63.33,75.67,64.33,48,53.33,41.67,61.33,50.67,36.33,31.33,52.33,50.67,44,54,55.33
592.33,73.33,82,75.67,63.33,58.33,50.67,61.33,48,35.33,53,47.33,55.67,50.33,40,63
592.43,76,86,67,58.33,64.67,57,51.67,41.67,36.67,53,44.67,58,43,43,58
592.54,67,77,54.33,47,46.67,53.33,33.33,35.33,39.33,46.67,31,45.33,43,27.67,48
592.64,66,78.33,49.33,45.67,48,50.67,41,42,35.67,49.33,34.33,41.67,33,34,38
592.75,62.33,78.33,53.33,47,41,54.33,48.67,47,41,45.67,38.33,45.67,35.67,26.67,42
592.85,74,87.33,62.33,59.67,51.33,64.67,60.67,58.67,47.33,66,46,61,48.33,33,54.67
592.96,83.67,89.67,62.33,64.67,55,57,64.33,61,55.67,62,62,62,55.67,44.33,64.67
593.06,88.67,92.33,63.67,57,57,56,62,65,57,66,55.67,55.67,64.33,43,59.67
593.17,87,86,49.33,53,58,43,49.33,50.67,43,48,52.67,54.33,49,43,50.67
593.27,87.33,86,50.67,44.33,51.67,48,50.67,58.33,50.67,40.33,37.67,53.33,53,52,47
593.38,79.67,74.67,53,52,43,50.33,53.33,58.33,49.33,34,44,39.33,53,66,44.33
593.48,55.67,64.33,52,42,26.67,45.33,42,59.67,54.33,24,40.33,34.33,57,62.33,33
593.59,41.67,45.67,42,34.33,25,33,29.33,40.67,40.67,25.33,41.67,15.33,48.33,38.33,30.33
593.69,53,54.33,47,24,39.67,33,27.67,41.67,31.67,42.67,45.33,36.67,47,29.33,46.67
593.8,68.33,57.33,54.67,34.33,55,30.67,43,38,34.33,49.33,53.33,35.33,51.33,32,57
593.9,65.67,61,55.67,35.67,55.67,38,41.67,38,31.67,46.67,45.67,43,50,35.67,45.67
594,57,77.33,54.33,51,49.67,36.67,43,43,47,45,42,45.67,46.33,39,38.33
594.11,64.33,82,66.67,60.67,54.33,58,54,60.67,52,53.67,50.33,53,58.33,52.33,48
594.21,60.67,85.67,60.33,53,58,60.67,56.67,67,52,56.33,46.67,60.33,54.33,49.67,55.67
594.32,70.67,71.67,64,53,59,60.67,59.67,57,50.67,60.67,53,50.33,59.33,46.33,53
594.42,72,73,60.33,34,46.67,58,51.67,46.67,48,60.67,50.67,56.67,48,41.33,54.33
594.53,79.67,83.33,59.33,41.67,40.33,63,54.33,46.67,63.33,58.33,60.67,58,50.67,48,55.67
594.63,72,77.33,52,39,45.67,60.67,55.33,59.33,45.67,52.33,45.67,64.33,47,49.33,54.33
594.74,78.67,80,49.67,49.33,54.67,62,56,67.33,43.33,47.33,40,58.33,44.33,53.33,50.67
594.84,78.67,64.67,48.33,46.67,42,52,43,58.33,33,49.67,28.67,52,49.33,53,41.67
594.94,70,63.33,56,41.67,37,52,45.67,47,47,37,32.33,52,59.33,62,39.33
595.05,56,60.67,52,48,34.33,54.67,44.33,40.67,36.67,40,35,49.33,72,48,40.67
595.15,48.33,64.33,54.33,45.33,50.67,57,42,39.33,26.67,60,34.33,50.67,65.67,43,44.33
595.26,58,74.33,50.33,54,48,66.67,37.67,41.67,31.33,68.67,46.67,49.33,61.67,36.33,46.67
595.36,55.33,73,46.67,40,40.33,54,32.67,36.33,43,65.67,35.67,36.67,48,40.33,39
595.47,74.33,86,63.33,41.67,47,60.67,50.33,46.67,55.67,44.33,41.33,43,55.67,50.67,39.33
595.57,64.33,76,52,35.33,48.33,52,41.67,43,48.33,34,32.67,39,50.67,34.33,39.33
595.67,64.33,71,43,39.33,49.67,42,41.67,38,45.67,29,39.33,48,45.67,29.33,43.33
595.78,52.67,59.33,29,41.67,33,40.33,30.33,30.33,43,25,38.67,34,41.67,26.67,45.67
595.88,60.33,68,45.33,50.67,46.67,43.67,36.67,36.67,53,37.67,41,29,40.33,44.33,48
595.98,59,87,59.33,57,59.33,63.67,32.67,53,60,47.67,38.33,36.33,51.33,56.67,48.33
596.09,68,89.67,64.33,58,72,57.33,44,59.33,53.67,45.33,44,50.33,50,51.33,50.67
596.19,75.67,97.33,60.67,54,64,60.33,41.33,61.67,46,39,45.33,58,55,52.67,45.67
596.3,73,80.67,51.67,45,51.33,51.33,56.67,53,35,31.33,50.33,40.33,47.33,47.67,37.33
596.4,63,87,51.67,41.33,41,56.67,51.67,53,39,39,53,35.33,46.33,45.33,36.33
596.5,44,68,37.67,29,25,39,48,41.67,31.67,31.67,47,24,31.33,22.67,30.33
596.61,50.67,84,56.67,26.67,37.67,38,46.67,45.33,47,44.33,59.67,48.33,36.67,30.33,42
596.71,54.33,82.67,44,33,45.33,26.67,49.33,39,55.67,48,61,43.33,40.33,25.33,43.33
596.81,66.67,103,51.33,42.67,56.33,46.33,52.67,45,62.67,50,68.67,49,55,48.67,40
596.92,54,82,38.67,48.67,55.67,40,44,47.67,48.67,33.67,44.67,32.33,52.33,41,35
597.02,50.33,88.33,54,52.67,52,50,40.67,53.33,33.67,32.67,43.33,37.33,56.33,47.33,31
597.12,48.33,73.33,49.33,55.67,38.67,38,36.67,56.33,29,35.67,37,33,50.67,45.67,40.67
597.23,55.67,82.33,45.67,55.67,34,36.67,35.33,58.67,26.33,50.67,48.33,33,48,35.67,44.33
597.33,64.33,73.33,46.67,58,38.33,31.33,36,61.67,28.67,51.67,42,27.67,30,47,54.33
597.43,70.33,80.67,52.67,57.67,63.33,36.33,43,57.67,35,64,51.67,36.33,24.67,41.67,46.33
597.54,80.67,87,55.33,68,68.67,51.67,48.33,54.33,53,74.33,50,55.33,29,57,47.67
597.64,64.33,78.33,45.33,59,60.33,50.67,45.67,44.33,50.33,65.33,46,51.67,36.67,43,37.67
597.74,55.67,80.33,49.67,58,54.33,48.33,47,49.67,44.33,62,41.33,52,51,53.33,39.33
597.85,49.33,78,53.33,49.33,48,49.67,48.67,57,35.67,48,47,38.33,53.33,48.33,40.67
597.95,64.67,79.33,62.33,44.67,59.67,44.67,55.33,64.67,40,63.67,55,48.67,53.67,57.33,53.67
598.05,65.67,79.67,62,50.67,64.33,50.67,55,75.67,53.33,58.33,61.67,50.67,61,63.33,69.67
598.16,77,84.67,73.33,59.33,65.67,55.67,65.67,74.67,66,69.67,57,59.33,65,73.33,67.33
598.26,77.67,102.33,86,83.33,74.33,74.67,75.67,81,81,72,69.33,73,85,79.67,71
598.36,68,95,75,71,58.33,70,68.67,61.33,60,69.67,67.67,60.67,66.33,64.67,57.67
598.47,63,92.33,60,54.67,52,58.67,49.67,47,42,47,67,43,57.33,55.67,57.33
598.57,54.67,83.67,33.33,21.67,30.67,34.67,37.67,39.33,32,32,55.67,30.67,36,42,43.33
598.67,59.67,89,38.33,9,42,24.33,33.67,34.67,40.67,32,43,33.33,42,48.33,42.67
598.77,64.67,86.67,49.67,23,54.67,25.67,49,47.67,51,34,47,44.67,44.67,42.33,37.67
598.88,64.67,77.67,49.67,42,61,31.67,50.67,37.67,49.33,25,38,39.33,45.67,40.67,25
598.98,78.33,82.33,59.33,67.33,63.33,45.33,73.33,47,56.67,36.33,49.33,55.67,55,40.67,22.67
599.08,74.67,84.67,51.67,57,50.67,48.33,59.33,35.33,56.67,45.67,48,43,56,48,26.33
599.19,77.33,80.67,59.33,55.67,59.33,52.33,62,51.67,58,53.33,57,41.67,58.67,57,45.33
599.29,80,78.33,59.67,46.67,53,65.33,54.33,62,65.67,61,69.67,41.67,54.33,54.33,60.67
599.39,75,64.33,57,41.67,51.67,68.33,57,60.67,51.67,53.33,64.67,48,51.67,50.67,63.33
599.49,82.33,85.33,64.33,41.67,46.67,68.33,57,60.67,59.33,69,73.33,62,51.67,49.33,62
599.6,72.33,93,58,36.67,45.67,50.67,58.33,46.67,58.33,52.33,53,48,38,61,48
599.7,81,114.67,67,53,56,64.67,72.33,50.67,74.67,66.33,61.67,50.67,48.33,71,54.33
599.8,78.33,108.33,69.67,58,65.33,76,72.33,44.33,72,64.33,60.67,45.67,63.33,71,51.67
599.9,69.33,98.33,69.67,63.33,55,82.33,70,57,59.33,59.33,62.67,40.67,57,58.33,59.33
600.01,59.33,79.33,59.67,47,41.67,61,49.67,58.33,44.33,51.67,55.33,38,33,48.33,48
600.11,66,80,66.33,56,51.67,68.67,64.33,71.33,56,59.67,67,54,44.67,60,57
600.21,76,86,61,58.33,65,67.33,62.33,79,56,68.67,70,62.67,49.67,65,52
600.31,67,89.67,59.67,53.33,68.67,64.67,68.67,80,62.33,66.33,66,70.33,56,63.67,48
600.41,55.33,75.67,46.67,43,31.67,45.67,47.67,60.67,47,49.67,45.33,41.67,21.67,45.67,32.67
600.52,66.67,73,54.33,53,38.33,54.33,41.67,50.33,58,49.33,45.33,35.33,30.33,43,36.33
600.62,65.67,77,48,67,35.33,63.33,29,48,59.33,44.33,48,34,41.67,43,43.33
600.72,63.33,96,54.33,63.33,51.67,70.67,36.33,48,68,50.33,45.67,53,49.33,48,56
600.82,57,88.67,45.33,52,48,56.67,34,36.67,64.33,59.33,50.67,73.33,54.33,41.67,58.67
600.93,69.33,91,61.67,59.33,61.67,55.33,49,43.67,61.67,69.33,63.33,73.33,60.67,43.33,55.67
601.03,72,71.33,51.67,48,47.33,57,29,47.67,48,57,71,49.33,54.33,37.33,43.33
601.13,63.33,69.67,57,43,40,47.33,29,54,44.33,39.33,53.67,34.33,52,35,38.33
601.23,53.33,63.33,49.33,33,28.67,41,24,47,41.67,35.33,34.67,30.67,34.33,30.67,33.33
601.33,45.67,74,53,39.33,47,38.33,45.33,63.33,39,48,19.33,48.33,48.33,38,42
601.43,41.67,69.33,39,38,49.33,38,53,45.67,32.67,44.67,28,42,34.33,35.33,35.67
601.54,62,78.33,46.67,41.67,56.33,50.67,53,53.33,43,46,44.33,49.33,45.67,34,45.67
601.64,79.67,73.33,50.33,51.67,58.67,55.67,50,39.33,59.33,52,59.33,48,43,35.33,52
601.74,102.67,82.33,76,67,62.67,69.67,57,63.67,78.67,77,74,64.67,66,52,67.33
601.84,96,83.33,83.67,63,65.67,70.67,65.67,69.67,74.67,76.33,70,71,61.33,54,59.67
601.94,92,83.33,76.33,45.33,58,64.33,63.67,66,45.67,64,65,64.67,62.67,56.33,47
602.04,76.67,84.33,72,40,47.67,66.67,61.67,70.67,34,48.67,54,50.33,53.67,49.67,35.33
602.15,82,83.33,63.33,49.33,55.67,65.67,67,73.67,44.33,57,63.33,35.33,57,63,47
602.25,67,79.67,65.67,58.33,67.33,67,62,78.67,58.33,53,58.33,30.33,58.33,45.33,47
602.35,67.33,73.67,56,48.67,74,61,44.33,60,48.33,55.67,54.67,38.33,52,41.67,47.33
602.45,61,71.67,50.67,52.67,63.33,60.67,32.67,53.33,44.33,51.67,50.33,47,46.67,42.67,49.67
602.55,62,80.33,52,53.67,51.67,61.67,36.33,41.67,43,56.67,54,53,37.67,61.67,48.33
602.65,58,89,56.67,71,60.33,71.67,47.67,61.67,48,53.33,55.33,51.33,47.67,60.33,60.67
602.76,51.67,78.33,54,45.33,53,59.33,34,47.67,40.33,51,43,33.67,54.33,41.67,48
602.86,48.33,73.67,53,47,48.33,48.33,39.33,62,40.67,47.33,34.33,31.67,49.33,20.33,47
602.96,52,71,49.33,47,44.33,31.67,39.33,46.67,49.33,45.33,39.33,35.33,39.33,21.67,43
603.06,57,83.67,57,58.33,45.67,34,57,48,58.33,48,41.67,45.67,37.33,31.67,45.67
603.16,72,92.33,62,68.33,48,45.33,53.33,41.67,57,54.67,44.33,52,47.67,57,54.33
603.26,67,93.67,53,53.33,39.33,49.33,48.33,39.33,45.67,49.67,34.67,43.33,59,50.67,48.33
603.36,68.33,88.67,54.67,62.33,45.67,54.67,47.33,47,42,42,33.67,49.67,62.33,54.67,43.33
603.46,48,73.33,40.33,39.33,34,39.33,43.33,43,40.33,26.33,29.67,34,52,35.33,25.33
603.56,47,63.33,50.67,37,33.33,39.33,38.33,48.33,45.67,31.67,38.33,40.67,29.33,36.67,24.67
603.67,41.67,60.67,49,30.33,25.67,37.67,29,43,35.33,36.67,35.67,35.33,22.67,28.67,24.33
603.77,63.33,59.67,64.33,38,38.67,41.67,29,44.33,48.33,45.67,42,52,13.67,27.67,39.67
603.87,74.33,67,61.67,47.67,54.33,56.67,36.33,50.33,43,50.67,44.33,54.33,35,40.33,47.67
603.97,82,74.67,64.33,58,54.33,60.67,50.33,51.67,49.33,39.33,46.67,57.67,34,54.33,49
604.07,70.33,79.33,55.33,58,56.67,65.33,50.33,44,35.33,39.33,41.67,46.33,53,67,50.33
604.17,56.67,74.33,61.67,55.67,55.67,55.33,40.33,43.33,44.33,40.67,31.67,45,46.67,55.67,46.67
604.27,57,66.67,58,48,59.33,54,46.67,47.33,54.67,55.67,35,52,50.33,54.67,43
604.37,73.67,77.33,61,48.33,66,53,50.67,60.33,68.67,57,40.33,59.67,48,52.33,39.33
604.47,82.33,82.33,68.67,53.33,58.33,55.33,69.67,42,69.67,54.33,50,64.67,51.33,71.67,38
604.57,77,98.67,71,57,59.67,59,55.67,43,60.33,51.67,53,63,52.33,62.67,43
604.67,56.67,85.67,68.33,56.67,40.67,54,45.33,30,52.67,43,42,53,44.67,44.67,31.67
604.77,62,96,67,51.67,44.33,53,41.67,50.33,58,44.33,50,49.33,59.33,41.67,42
604.87,47,78.33,46.67,40.33,39.33,35.67,24,45.67,44.33,39.67,40,39.67,48.33,27.33,42
604.97,52,86,47.67,34,54.33,47,34,61,53,44.67,55.67,52.67,54.67,50,47
605.07,50.33,79.67,50.33,47.67,41.67,55.67,33.67,62,44,44.33,55.33,50,45.67,51,41.67
605.18,63,86.33,67,56.67,44.33,68.33,51.67,48,54.33,41.67,61.33,47.33,64.67,65.67,45.67
605.28,56.67,71.67,58.33,52.67,36.67,51.67,44,35,43,40,54.33,29,65.67,48,43
605.38,55.67,70.33,51,45.33,42,54.33,48.33,36,49.67,43,42,24,69.67,47,48.33
605.48,63.33,67.67,48.33,51.67,48.67,49,47,49.33,56,55.67,50,30.33,54.33,43.67,49.33
605.58,75,81.33,47.33,62.33,50,52,48.67,65,51.33,62.33,49.67,43.33,42,51.67,49.67
605.68,86.33,81.67,49.67,67.67,51.33,44.67,48.67,55.67,50,52.67,52.33,56,31.67,40.33,32
605.78,100,95.67,57.33,65,58.33,69,63.67,62.67,58.67,64,47.33,56,49.33,61.67,37.67
605.88,114,109.33,72.33,78.67,74.33,91.67,78.67,70,72.33,65.33,58.67,62,67,71,46.33
605.98,103.33,121.67,74.67,75.67,76.67,84,64.33,76,69.67,78.67,52,60,67,76,59
606.08,77,111.33,71,70.67,56,57.33,40.33,77,52,62.33,52,53.67,62,52.67,48.33
606.18,64,88.33,67,55.33,47,35.67,22,63,48,64.67,45.67,42.33,52,34.67,55.67
606.28,62,80.67,63.33,46.67,45,39.33,31,59.33,41.67,60.67,59.67,36.67,54.33,36,48
606.38,64.33,73,56.67,40.33,46.67,49.33,41,46.67,42.67,55.33,53,31.33,53,39.67,49
606.48,65.67,80.67,66.67,44,31.33,60.67,51.67,41.67,37.67,59,42,37.67,57.67,57.33,42.67
606.58,67,66.67,62.67,50.33,32,58,59.67,33.33,49,49,26,28.67,45,45.67,40
606.68,62,68,64,51.67,34.67,58,54.67,36,53,40.33,9.67,30.33,35,34.33,31.33
606.78,52,67,51.67,50.67,48,56.67,49.67,46.33,62,31.67,20.67,25.33,35.33,31.33,40.33
606.88,39.33,61,35.33,21.67,34,40.33,17.67,35.67,36.67,33,22.67,14,26.67,19,41.67
606.98,56,71.33,40.67,20.67,50.67,34.33,30.67,42,39.33,51,43.33,17.67,32,35.67,49.33
607.07,68.67,82.67,53.33,33.33,44.33,38.33,37,40.67,43,61,53.33,22.67,33.67,35.67,50.67
607.17,81.33,89.67,75,61.33,61,61.33,60,53.33,59.67,59.67,56,44.33,41.33,52,58.33
607.27,81.33,94.67,83.67,72.67,61,75,66.33,59.67,45.67,54.33,57,47,47.33,62,66
607.37,73.67,94.67,76,65,68.67,80,77.67,63.33,48.33,43,54.33,54.67,41.67,58.33,64.67
607.47,72.33,83.67,59.67,42,59.67,66,61,58.33,48,35.33,45.33,48.33,45.33,53.33,57
607.57,75.67,68.33,31.67,26.33,40.33,35.67,39,43,53,40.33,35,46.67,30,34.33,48
607.67,82,63.33,33,26.33,41.67,34.33,27.67,47,40.33,48,26.33,43,39,43.33,47
607.77,80.67,83.67,27.67,37.67,50.67,49.33,37.67,58.33,44.33,62,39,40.33,41.67,48.33,52
607.87,77,91.33,57,54.33,66,69.67,53,62.33,43.33,52,44.33,40.67,52,68.67,51
607.97,73.33,78.67,57,54.33,50.67,57,44.33,54.67,48.33,38,42,29,48.33,61.67,44
608.07,74.67,71,59.67,48,49.33,47,48,45.67,42,34,37,33,43,62.33,40.33
608.17,64.67,62.33,43.33,36.67,41,49.33,43.67,53.33,47,35.33,38.33,35.67,35.33,44.67,35
608.27,66,84,35.67,38,56.33,53.33,55,48.33,47.33,55.33,48.33,56,34,54,38
608.37,65,79,43.33,42,50,53.33,56.67,47.33,50,55.67,48.33,44.67,39.33,47,29
608.47,74,84,44.33,48.33,55.67,49.67,57.33,42,52.33,60.67,36.67,38,34.33,47,40.33
608.56,86.33,86.33,64.67,49.67,53,59.67,57,48,63.33,59.67,39,30.33,40.67,42,54.33
608.66,83.67,92.67,62,51,58.33,68.67,64.67,48,63.33,63.33,50.67,46.67,52,52.33,81
608.76,83.33,98.67,68.33,48.33,48.33,66,66,53,60.67,63.33,62,51.67,58.33,58.33,77.33
608.86,70.67,85.67,58,39.33,58.33,50.67,56,49.33,44.33,64.67,52,49,60,45.67,61.33
608.96,73,90.67,65.33,36.33,64.33,45.33,59.33,53,51.67,58.33,44,42.67,52.33,54.33,44.67
609.06,61.67,85.67,61.67,46.67,77,48,68.67,50.67,62,62,51.67,35.33,58,54.67,60
609.16,66.67,93.33,63,65.67,65.67,58,80,45.67,78.33,58,60.33,34.33,60,58.33,59.33
609.26,77,98.33,64.33,83.67,63,58,70,49.33,78.33,72,55.33,40.67,65,55.67,68.33
609.36,73.33,92.33,63,74.67,40.33,44,50.67,44.33,69.67,57,43,47,64.33,49.33,53
609.45,79.67,93.67,63,72,44,49.33,38,60.67,57,57,41,55.67,66.67,57,60.67
609.55,73.33,88.67,68.33,58,40.33,63.33,43,76,52,55.67,55,59.33,63,50.33,59.33
609.65,89.67,96,70.67,64.33,61.67,78.33,57.33,86,50.33,80.67,67.33,70.33,66.67,51.33,73
609.75,83.33,95.33,68,62,69.33,68.33,62.67,73.33,49.33,78.33,68.33,75.33,61.67,50,69.33
609.85,94.67,106.67,73,73.33,91,72,69,70.67,54.33,74.67,67,66.67,70.67,63,72.67
609.95,83.33,110.67,75.67,68.33,74.67,71,62,67,54.67,58.33,64.67,51.67,67,63,61.67
610.05,86,109,89.67,70.67,76,84.67,73.33,72,69.67,64.67,73.33,53,63.33,64.33,66.67
610.14,77.33,100.33,77,63.33,55.67,63.33,61,72.33,62.33,63.33,59,46.67,58.33,48,63
610.24,85,96.67,67,56,76,49.33,67.67,67.33,65,58.33,61.67,57,59.67,50.67,68
610.34,85,87.67,49.33,43.33,74.67,46.67,66.33,63.67,53.67,45.67,51.67,48,55.67,54.33,68
610.44,87.33,96.33,73.33,57,79.67,68,85,64.67,72.33,59.33,72.33,74.33,58,64.33,76
610.54,93.67,101,96,69.33,84,101,82.33,76,81,72,69.67,82,56.67,70.67,82.33
610.64,88.67,108.67,102.33,73.33,70.33,97.33,73.33,68.33,81,74.33,79.67,81,58,68.33,79.67
610.73,86.33,93.67,91,62,61.67,78.67,63.33,61,67.33,50.67,57,62.33,39,66,55
610.83,81.33,97.67,83.33,64.67,59.67,68.33,75.67,64.67,69.67,57,60.67,67.33,44,71,52.33
610.93,76,90,77,58.33,68.33,73.33,89.67,77.33,70.67,71,51.67,76.67,49,69.33,52.33
611.03,67,90,65.67,61,69.67,78.33,87.33,74.67,60.33,82.33,72,80.33,58,68,60.67
611.13,78.33,95,69.67,68.33,74.67,70.67,87.33,70.67,64,84.67,75.67,82,54.33,78,69.33
611.22,88.67,95,81,88.67,74,74.67,76.67,73.33,63,76,68.33,76.33,48.33,79,54.33
611.32,100.33,105.67,86.67,95.33,79.33,73.67,79.67,68.67,81.33,67.67,70,74.33,64,80,70
611.42,90,93,88,90.33,56.67,71.33,60.67,66.33,71.33,54,69,53.67,67.67,62.33,61.33
611.52,82.33,98,88,81.33,63.67,62.33,62.67,63.67,71.33,61.67,83,53.67,79,66.67,72.67
611.61,92,105,92.33,91,76,77,72,84.67,70.67,87.67,90,65.67,82.33,65.67,69.67
611.71,89.67,112.33,84.67,78.33,78.33,75.67,78.33,83.33,83.33,93.67,89.67,73,77.33,53,67
611.81,98.67,115,83.33,70.67,76,72,79.33,86,88.33,87,82,70.67,67,55.67,72
611.91,97.67,111.33,88.33,64.33,67,74.67,61.67,69.67,87.33,70.33,73.33,74.67,60.67,76,78.33
612.01,100,105,94.67,65.67,84.67,83.33,61.67,71,72,64,66,67,63,95.67,74.67
612.1,85,96.33,79.67,63.33,69.33,78.33,67,62.33,53,53,63.67,60.67,53,80.33,62
612.2,69.67,79.67,69.67,57,61.67,63,66.33,59.67,42.67,59.33,48.33,39,42.67,55,55.67
612.3,74.67,83,60.67,62,55.67,54.33,65.33,61,40.33,67,49,48,46.67,34.67,63.33
612.4,103.67,99.33,79.67,69.67,83.67,68.33,68,73.67,71,83.33,68,72,59.67,50,76.33
612.49,105,111,81,68.33,86.33,69.67,75,75,76.33,71,75.67,72,65,53.67,63.67
612.59,102.67,113,85,68.33,76,80,83.67,68.67,82.67,58.67,77.67,62,65,67,53.67
612.69,90,107.67,87.33,72,64.67,87.33,70.67,66,72.33,60,61,52.33,80,71.33,52
612.79,95,115,86,76,67,95,82.67,72.33,79.67,67.33,71,53.67,72.33,81.67,62
612.88,92.67,122,91,77.33,82.33,103.67,79,87.67,76,68,69.67,66.33,73.67,89.33,70.67
612.98,85,128.67,82.33,87.67,87.33,92.67,92,73.67,76,68,80,73.67,63.67,67.33,69.67
613.08,96.67,123.67,88.67,90.33,83.67,84,86.67,75,78.67,72,76.33,85.33,72.67,60.33,72.33
613.17,105.33,124.33,90,93,73.67,69,84,64.67,85,80,76.33,82.67,61.33,58.33,67.33
613.27,106.67,125,96.33,84,54.67,52.33,57.33,62.33,65,48.33,52.33,58.67,56.33,73.67,78.67
613.37,92.67,118.67,86.33,71.33,58.67,44.67,54.67,44.67,57.33,40.67,39.67,51,53.67,77,71
613.47,91.33,112,86,67.33,62.33,50.67,57.33,48.33,56,44.33,47,49.67,66,80.33,87.33
613.56,92.67,105,79.67,67.33,73.67,72.33,85,64.67,82.33,68.33,67,44.33,72.33,72.67,63.33
613.66,95,103.67,84.67,65.67,66,74.67,71,68.33,71,63.33,77,41.67,72.33,57.33,58.33
613.76,97.67,99,78.67,73.33,73.67,68.67,77.33,67.33,67.33,56,67,49.33,67.67,49.67,43.33
613.85,99,110.33,76.33,67,63.67,63.67,70,49.67,62.33,53.67,52,70.33,72.67,48.33,46
613.95,90.33,115.67,73.67,77.33,67.33,70,80,56,67.33,56,48.33,80.33,66.33,69.67,55
614.05,89,127,72.33,73.67,52,71,81.33,58.33,82.33,58.33,53.33,65.33,71.33,61,60
614.14,91.33,121.67,74.67,79.67,69.33,72,91,69.67,77,61.67,75.67,53,76,68.33,73.67
614.24,88.33,117,67,69.33,78,60.33,83.33,67,76.67,57.67,72.33,41.33,74.33,45.33,69.33
614.34,87.33,102,69.67,64.33,84.67,54.33,72,53.33,61.67,51.67,73.33,52.67,66,42.67,63
614.43,86,95.67,59.33,63.33,81,55.67,55,48,56.67,57,45.67,60.33,58.67,30,65.33
614.53,106.67,111.67,74.67,82.67,78.67,75,72.33,52,66,76.33,60.33,83.67,81.67,57,81
614.63,107.67,130.33,77,99,77.33,91.33,90.67,67,76,86.33,64.67,91.33,90,74.67,78.67
614.72,114.33,127,87.33,99,76.33,97.67,104.33,78.67,89,90.33,90.33,95.33,100.33,97.67,75.33
614.82,103,100.33,74.67,87.33,71.33,96.33,94.67,79.33,81.33,81.33,91.67,80,82.67,87.33,55
614.92,93,84,60.67,70.67,73.67,84.67,71,78,73.67,87.67,81.33,74.67,78.67,77.33,47.33
615.01,87,89,62,62,66,70.67,62,81.67,69.67,86.33,71,70.33,62,58.33,38.33
615.11,93,106.67,74.67,68.33,64,66.67,70.67,84.67,78.33,103.33,62,66.33,70,69.67,49.67
615.2,93,101.67,90,61,57.67,63,82.33,73.33,72,95.67,67.33,49,67.67,68.33,66
615.3,86,104,90,67,64,66.67,81,68.33,73.33,86.67,69.67,41.67,70,78.33,72
615.4,87.33,102.67,96.33,69.67,64.67,70.67,78.67,65.67,71,72.33,73.67,57,72,62.67,73.33
615.49,96,106.33,90,75.67,74.67,69.33,69.67,79.67,74.67,78.67,72,75.67,77,63.67,80.67
615.59,98.33,90.33,92.33,73,60.67,58,55.67,74.33,65.67,71,72,75.67,69.33,59.67,65.67
615.69,84.33,77.67,70.67,60.33,60.67,49,39.33,65.67,55.33,65.67,61.67,63,55.33,59.67,64.33
615.78,78,85.33,74.33,65.67,50.67,56.67,39.33,51.67,50.33,48,67,54.33,46.33,65,55.67
615.88,80.67,102.67,69.33,64.67,55.67,66.67,49.33,43,50.33,62,62,60.67,54,69,68.33
615.97,93.33,128,87,78.33,64.33,79.33,64.33,56,65.67,64.67,59.33,70.67,63,79.67,70.67
616.07,80.67,122.67,78,74.33,65.33,70.33,65.33,52,67,69.67,45.33,66.67,67.33,60.67,66.67
616.17,86,117.67,74.33,87,60.33,74.33,73,68.67,72,59.33,48,68,60,60.67,64
616.26,81,101,56.67,69.33,63,56,76.67,70.67,63,60.33,56.33,66.67,58.67,48,59
616.36,93.67,100,58.33,69.67,69.67,63.67,88.33,74.67,69.33,55.33,67.67,69.33,60.67,64.33,51.67
616.45,88.33,110,63.33,63.33,79.67,59.67,101,67,73,63.67,66.33,63,63,63,48
616.55,85.67,114,85,86,78.33,74.33,92.33,67,84.33,70.33,69.33,56.67,73,73,50.67
616.64,94.67,123,99,93.67,84.67,76,90,82.33,87,84.33,82.33,68.33,74.67,77,73.67
616.74,87,104,100,87.33,82,80,76,87.33,84.67,83.67,80.33,67,79.67,69.33,72.33
616.84,81,105.33,82.33,63.67,83.33,63.67,66,77.33,72.33,64.67,80,77.33,73.67,60.67,68.67
616.93,73.33,87.33,75.67,52,59.33,55.67,50.67,58.33,62,60.67,58.33,62,62,50.33,45.67
617.03,82.33,93.67,83.33,53.33,62,49.33,54.67,57,66,66.33,71.67,73.67,57,69.33,59.67
617.12,91,96,89.33,58,55,51.67,66.33,53,67.67,67.33,64,59.67,44,74.33,58.67
617.22,91,93.67,87,63.33,66.33,52,64.33,54.33,61.67,66.33,55,55.67,46.67,77,62
617.31,86,104,72,72.33,68,47,56,49.33,51.67,59.67,47.67,48,47,59.67,53.33
617.41,87.33,97.67,71,77.67,66,61,55.67,57,52.33,80,48.33,51.67,52.33,61,64.33
617.5,90,118.33,71,78.67,78.67,74.67,69,69.67,61,85,73.67,74.67,70,68,75
617.6,78.67,92.67,66,58,69.33,72,59.33,68.33,51.67,70.67,58.33,63.33,55.67,65.33,63.33
617.69,81,91.67,66,51.67,74.67,64.33,49,66,41.67,65,65.33,58.33,58,64,48.67
617.79,77,88.33,65.67,59.33,70.67,59.33,50,65.67,53,68.67,69,51.67,61.67,70.67,48.33
617.88,91,106.33,83.33,68.67,72.33,69.67,54,64.67,69.67,83,76.67,69.33,82.33,77,65
617.98,94,107.67,87.33,75,70,76.33,58,66,74.67,72.67,73.67,76,87.67,81,67
618.07,76.67,89,73.67,56,47.33,66.33,37,52.33,57,56.33,60,62.33,55,61,53.33
618.17,60,71,54.67,46.67,26.67,53.33,33,42,46.67,53.33,54.67,40.67,40.67,44.33,37.33
618.26,39.33,60.67,33,32.67,23.33,48,28,21.67,44,50.67,40.67,22.67,25.33,20.33,33.67
618.36,46.67,61.67,40.33,37.67,39.67,52.67,51.67,26.67,44,54.33,41.67,17.33,29.33,24,26
618.45,60.67,71.67,49,54.33,63.67,63,59.33,35.33,58,53.33,53,35,33,30.33,43
618.55,64.33,74,60,59.33,52.67,47.67,61.67,46.67,50.33,44.67,57.67,43.67,45.67,44.67,37.67
618.64,73.33,88.33,76.67,68.33,58,49.33,56.67,51.67,60.67,49.67,63,63,72,47.33,62
618.74,83.33,100,78,67,60.67,44.33,63,60.67,60.67,58.67,63.33,64.33,82.33,59,61
618.83,74.67,92.67,77.67,60.67,60.67,48.33,58,62,60.67,63.33,63.67,57,73.33,50,57.33
618.93,64.67,81.33,60,46.67,53,40.67,44.33,54.67,56.67,54.67,42.67,43,50.67,42.67,37
619.02,61,76.33,52.67,40.33,50.67,45.67,44.67,53.67,40.33,43.33,47.67,43.33,39.33,42.67,26.67
619.12,76.33,82.67,49.67,41.67,56,44.33,56.33,58.67,45.67,44.67,45,48.33,33.33,51,30.67
619.21,90,91.33,53.33,55.67,56.33,55.67,72.67,54.67,53.33,56,58.33,55.67,45.67,67,54.67
619.31,81.33,94,62,52,48.67,63.33,63.67,54.67,58.33,61,47,58,54.67,64.33,60
619.4,67.33,98,59.33,40.67,43.67,66,58,41,50.67,63.67,47.33,60.67,70,63.33,67.67
619.5,61,93,53.33,31.67,33.33,54.67,49,45,34.33,48.33,41.67,67.33,60,48.33,46
619.59,54.33,89,50.67,39,46.33,57,56.33,42,33,45.67,39,62,61,53.33,42
619.68,76,95,66,74.33,61.33,71,72,55.67,58.33,50.67,55.33,69.67,58.33,55.67,39.33
619.78,76,107.33,73.33,85.67,66,77.33,89.67,65.67,78.33,68.33,62,68.33,73.33,69.67,48.33
619.87,99,121.33,85,91,68.33,70,96.33,73.67,95,82.33,62,67.33,64.67,76,68.67
619.97,81.33,101.33,77.33,78.67,66,61,86.33,71.33,80,76,59.33,64.67,58.33,61,72.33
620.06,90,110.33,85,75,80,68,71.33,71.33,73.67,71,65.67,67,53.33,64.67,87.33
620.15,71,83.67,62,59.67,64.67,61.33,61,52,50.67,55.67,67,50.33,45.67,47,70.67
620.25,97.33,89.67,63,62,65.67,61.33,62,54.33,48,58,55.67,56.67,46.67,64.33,72
620.34,86.33,71,46.67,63.33,57,48,55.67,39.33,44.33,38,51,38,34.33,43,45.67
620.44,95,76,60.67,63.33,62.67,59.33,53,44.33,48,34,53.33,55.67,45.67,45.33,49.33
620.53,74.67,94,64.67,60.67,50,55.33,51.67,48.67,50.33,38,53.33,49.33,50.67,44.33,49.33
620.63,75.67,95,76,55.67,46.33,56.67,59.33,60,51.67,55.67,50,55.67,70.67,55.67,60.67
620.72,64.33,93.67,64.67,55.67,39.33,38,50.67,60.33,50.67,53.33,48.67,54.67,70.67,54.67,50.67
620.81,71,83.67,61,48.33,47,44.67,47,56,52.33,51.67,50,48.33,64.67,56,47
620.91,75,83.67,62.33,52,55.67,47,38,45.67,53.33,63,49.33,53.33,47,54.67,45.67
621,77.67,110.67,61.33,68.67,72.33,62.33,47,50.67,61,64.33,52.33,53.33,49.67,65,61
621.09,87.33,104,76.33,82.33,54,58.33,48,55.67,60.67,65.67,58.33,60.67,48,72.33,65.67
621.19,87.33,100.33,61,67.33,42.67,54.67,55.67,57,53.33,48,59.67,59.33,48,58.67,69.67
621.28,77.33,61,58.33,47,12.33,39.33,51.67,43,42,44.33,38,49.33,36.67,39.33,50.67
621.37,66,44,40.67,37,21.67,34.33,38,25.33,38,40.67,24.67,39.33,34.33,12.67,39.33
621.47,55.67,38.67,40.67,49.33,25.33,31.67,24,26.67,30.33,45.67,10.67,28,30.67,18.67,29
621.56,70.67,56,46.67,72,38.33,58,38,25.33,47.67,48,37,35.33,41.67,18.67,42.67
621.66,62,78,53,70.67,38.33,58,52.67,30.33,48,40.33,36,35.33,48,32,53
621.75,60.67,85.67,63,59.33,27,64.33,64,35.33,54.33,31.33,34,40.33,49,32,60.67
621.84,64.33,87,70.67,44,36,48,51.33,46.67,53.33,49,25.33,48,43,44.67,63.33
621.94,55.33,78.33,65.67,24,32.33,44.33,40.33,48,42,46.67,24.67,43,31.67,29.67,50.67
622.03,59.33,68.33,70.67,19,46.33,38,34.67,46.67,36.67,48,30.33,40.33,34.33,28.33,39
622.12,36.67,53.33,54.33,10.33,39.33,29.33,29.67,39.33,27.67,28,20,22.67,25.33,10.67,16.33
622.22,59.33,78.67,61.67,31.67,58.33,38,48.67,53,49,43,37.67,22.67,43,27.67,26.33
622.31,77,97.67,58,49.33,59.33,58.33,59.33,51.67,56.67,50.67,48.67,30.33,50.33,39,35.33
622.4,89.67,118,69.33,69.67,62,67,74.33,55.33,51.67,51.67,62.67,45.67,61.67,61.67,51.67
622.49,75.67,98.67,66.67,75.67,48,74.33,63,44,49,51.67,53.67,60.67,55.33,56.67,60.33
622.59,60.33,93.33,63,70.67,45,55.33,64.33,49,51.67,59,56.67,63,56.67,46.67,59
622.68,61.67,88,60.33,73,52.33,55.33,65.67,68,55.33,60.33,56.67,59,55.33,35.33,61.67
622.77,68.33,94,53,82,70,51.67,74,75.67,64.33,72,62,59.33,51.67,44,54.33
622.87,76,91.67,72,84.33,79.33,72,91,83.33,80.67,72,63.33,65.67,53,60,58.33
622.96,75.67,93,69.67,78,76.67,77,89.67,74.33,85.67,84.67,64.67,69.33,60.67,79,57
623.05,73,92.33,78.67,60.33,64,77,81.33,63,71.67,66.67,54.33,63,61.67,65.33,54.33
623.15,65.33,86,55.67,61.67,54,61.67,56.67,41.33,52.67,64.33,53,51.67,56.67,60,53
623.24,75.67,90,72,56.67,60.67,64.33,58,45.33,59.33,61.33,55.67,63.33,51.67,45,55.67
623.33,71,86.33,64.33,60.67,78.67,63.33,68.33,50.67,68.33,65.33,66,74.67,54.67,68,56
623.42,68.33,85,56.67,43,81,57,62,49.33,62,48.67,55.67,74.67,56.33,55.33,44.33
623.52,64.67,90,53,44.33,81,60.67,60,45.67,54.33,51.67,56.67,60.67,54,68.33,43
623.61,76,94,68.33,48.33,74.67,62,65,50.67,53.33,54.33,56.67,58.33,60.67,64.33,49.33
623.7,80,109,87.33,67.33,82.33,73.33,72.67,61,62,72,61.67,69.67,64,80,59.67
623.79,80,87.33,79.67,59.67,77.33,53.33,72.33,54.67,62,60.67,48,63.33,62.67,67,53.33
623.89,66,86.33,59.33,53,67,45.67,54.67,54.67,49,56.67,49.33,55.67,53.33,49.33,46.67
623.98,66,69,52,38,66,35.67,49.67,47.33,39.33,44.33,44.67,51,40.67,40.33,40.33
624.07,57.33,85.67,59.67,48.33,63.33,51,58.67,47.33,49.67,54.67,65,63.67,40.67,50.33,49.33
624.16,57.33,98,77.33,41,58.33,51,62.33,34.67,51,52.33,53.67,66.33,45.67,69.33,61
624.26,44.67,106.67,72.33,43.33,36.67,51,62.33,33.33,56,46,46,52.33,37,61.67,60
624.35,40.67,88.67,63.33,44.33,40.33,38,51.33,32,42,35.67,44.67,44.67,45.67,49,63.67
624.44,57,81,58.33,68.33,52,49.33,56.67,51,56,35.67,59.67,56,48.33,49,56
624.53,78.67,73.33,57,76,73,52,60.33,56,62.33,40.67,80,72.33,63.33,49.67,61
624.62,81.33,85.67,66,67.33,68.33,53.33,51,56,56,47,67.33,73.67,49.67,49.67,42
624.72,71,86.67,63.33,47,63,45.67,44.33,44.33,56,48,63.33,55.67,33,42,25.33
624.81,60.67,91.67,79.67,44.33,67.33,50.67,39.33,46.67,52,56.67,63.33,45.33,30.33,55,32.67
624.9,68.33,98.67,76,48.33,50.67,50.67,39.33,43,58.33,55.67,60.67,32.67,31.67,57.67,38
624.99,71,93.67,67,53.33,41,49.33,38,35.33,59.33,57,67,34,48,53,63.33
625.08,64.67,97.67,54.33,53.33,27,51.67,45.67,40.33,62,59.67,65.67,38,54.33,42.33,71
625.18,50.67,84.33,48,46.67,36,54.33,45.67,37.67,51.67,54.33,54.33,36.67,56.67,39.67,64.33
625.27,42,78.33,43.33,33,34.33,42.67,35.67,43,30.33,49.33,33,38,39.33,40.67,47
625.36,56,74.33,49.67,37,30.67,34,28.67,38,33,43.67,20.33,41.67,34.33,45.67,23
625.45,80,82.33,58.33,49.67,39.33,44,31,54.33,47,54,43,47,48.33,58.33,34.67
625.54,85,88.67,74.67,72.33,57,59.67,40,57,63.67,60.33,53.33,43.33,62,62,38.33
625.63,77.67,80,63.33,72.33,61,57.33,42,54.67,56,49.67,58.67,37.33,62.33,61,56.33
625.73,68.67,76.33,52,68.67,58.67,52.33,43.33,53.67,60,41.33,66.33,44.67,49.67,51,60
625.82,67.33,73.67,43.33,62.33,56.33,44.67,53.33,49.67,51,41.33,67.67,54.67,48.67,49.67,65
625.91,69.67,75,38.33,53.33,49.67,55.67,48,44.33,45.67,43,71,48,42,44.33,47
626,64.67,75,46,53.33,48,53,57.33,31.33,35.33,44.67,58.33,40.33,40.67,45.33,30.33
626.09,67,73.33,63.33,53,56.67,63,56,49,39,38.33,58,40,31.33,45.33,25
626.18,59.33,75.67,77,60.67,57.33,63,58.67,59.33,43,50.33,53,42.67,30,51.67,30
626.27,47.67,81.67,66.67,51.67,61,68,56.67,62,37.67,46.67,42.67,49,31,51.67,44
626.37,40,89.33,46.33,41.67,47,56.67,39,49.33,35,47.67,47.67,50.33,40,47.67,37.67
626.46,59,97,56.67,44,61.67,58,54.33,59.33,46.33,54,46.33,64.33,51.67,58,48.33
626.55,70.67,72,64.67,43,50,44.33,40.67,62,53,53,51.67,59.67,44.33,50.67,38.33
626.64,92.33,60.67,69.67,51.67,56.33,45.67,55.67,57,50.67,46.67,51.67,49.67,40.33,54.67,43.33
626.73,78.67,64.67,59.67,47,40,48.33,52,37,42,39.33,53.33,49.67,36.67,48.33,38
626.82,72.33,72.33,62,55.67,42,43.33,59.67,28,39.33,36.67,48.33,52,43,50.67,48
626.91,55,75,68.67,56,42.33,46,62.67,38.33,43.33,44.67,48.67,62.33,48.33,49.67,47.67
627,56,61,64.67,43.33,48.67,33.33,55,34.33,42,34.67,44.67,48.33,47,35.67,51.33
627.09,67,69.67,54.33,38,45.67,35.33,45.67,46.67,35.67,40.67,53.33,52,54.33,42,51.33
627.19,71.67,68.33,45.33,40.33,34,42.67,39,45,41.67,43,46.67,45.33,50.33,32.67,52.33
627.28,69.33,69.67,35.33,49,35,45,39,45,34,37.67,41,44,42.67,44.67,47.33
627.37,72,77,45.33,53,44,64,48,40,60.33,39,37,49,46.67,48.33,49.67
627.46,44,68,32.67,48,42.67,45,50.33,26,46.33,34,20,39,38,49.67,40.33
627.55,36,74,47.67,54.33,30,51.33,46.33,38.67,47.67,42.67,23,45.33,36.67,45,33.67
627.64,43.67,74.33,54.33,60,36.33,59.33,58,49,43,51.67,34,46.67,27.67,51.33,36.33
627.73,77,86,62,53.67,40.33,72,55.67,59.33,50.67,54.33,53.67,51.67,39,55.33,55.33
627.82,69.67,80,54.67,42.33,41.67,57,53.33,57,53,62.33,56.33,48,39,49.33,49.33
627.91,61,83.67,48.33,39.33,35.67,39.33,48.33,54.67,44,66,44.33,31.67,31.67,38,42
628,51,91.33,54.67,47,42,37,51,58.67,54.33,71,46.33,40.67,35.67,40.67,29.67
628.09,75,103.67,57,53.33,57.33,52,59.67,63.67,62,70.67,57.67,48,44.33,50.67,42
628.18,72.33,112.67,62,54.67,69.33,57,63.33,66,69.67,65.67,76.67,69.67,60.67,61,56
628.27,69.67,104.33,57,44.67,60.33,52,54.67,50.67,59.67,49.33,62,63.33,45.33,48.33,56
628.36,66,85.67,61,53.33,69,42,61,40.33,71,48.33,50.67,62.33,43,42,59.33
628.45,60,66.67,60,45.67,59.67,39.67,54.67,24,52,37,31.67,40.67,28,30.67,41.67
628.54,76.33,67.33,61,58,53.33,42,70.67,35.33,53,38.67,39.33,31.67,33,40.67,35
628.63,77.67,91.33,64.67,62,55,42,71,48.33,48.33,38.67,43.33,30.33,37,46,37
628.72,71,100.33,55.67,62,49.67,34.33,75,57.33,52.33,38.67,49.67,40.33,38.33,44.67,31.67
628.81,57,99,52,54.67,59.67,37,60,56,46,53.33,49.67,51.67,41,47,40
628.91,48,76,35.33,47,37.67,35.67,49.33,52,35.33,57,41.67,41.33,33,43,28.33
629,49.33,65.67,28.67,49.33,39,45.67,35,46.67,37.67,62,45.33,34.33,34,33.33,38.33
629.09,57,73.33,37.67,50.67,40.33,47,42.67,45.67,54.33,58.67,45.33,39.67,37.67,36.67,44
629.18,47,74.67,39.33,47,42,34.67,40.33,29.33,56,36.67,29.33,43,38,28,48.67
629.27,57.33,86.33,48.67,51,39.67,29.67,53.33,29.67,49.67,28,18.33,47.67,47,39,49.67
629.35,56,87.33,46,47,42.67,39.67,49.33,33.33,30.33,22.33,23.33,36,49.33,37,45.67
629.44,59.33,93.67,44.33,34,37.33,52,34,39.33,26.33,24,44.33,27.67,45.33,39.33,32.33
629.53,59,77,30,22.33,30.67,36.67,27.33,42.67,26.33,32.67,40,14.67,31.33,25,22.33
629.62,70.67,85,37.67,36.33,26.67,34.33,32.67,54.33,42,48,35,21.33,35.67,20,27.67
629.71,68.33,83.67,44.33,44,50.67,43.33,52,54.67,44.67,66,40.33,31.67,51,29,37.67
629.8,71,96.33,67,60.67,63.33,59.67,62.33,67.33,68.67,69.67,48,48.33,61,50.67,59.33
629.89,49.33,83.33,58.33,53,59.33,53.33,54.67,47,54.67,69.67,49.33,64.67,50.67,55.67,59.33
629.98,39.33,64.67,50.67,52,29,35.67,38,38,37,53,33,48.33,40.67,47.33,57
630.07,33,62,42,39.33,24,37,21.33,30.67,23,44.33,38.33,50.67,40.67,41,47
630.16,39.33,58.33,44.33,40.67,29.67,28,26.33,38.33,24.33,35.67,39.67,29.33,30.67,37.33,47
630.25,62,87.33,55.67,49.33,46.33,43,45.33,63.67,47,47,52.33,47,23,57,48.33
630.34,60.67,87.67,57,52,45,42,55.67,58.67,49.67,52,53.67,33.33,30.67,45.67,48.33
630.43,60.33,90.67,57,48,33,50.67,58,50.67,53,50.33,48.33,32.33,40.33,46.67,47
630.52,55.33,81.67,50.67,44.33,25.33,49.67,51.67,38,41.67,46.67,45,33.67,46,30.33,52
630.61,55.33,83.33,54.33,44,30.33,49.33,44,41.67,35.33,49,41,47.33,37,34,44.33
630.7,53,93,68,45,49,49,34,57,38,60,53,64,45,26,34
